연번,항목명,코드값,데이터변수명,코드값 설명
1.0,가구원 매칭값,-,-,KEY
2.0,가구 매칭값,-,-,KEY_HOUSE
3.0,가구원_가구원 수,1,1인,TOT1
,,2,2인,
,,3,3인 이상,
4.0,가구원_성별,1,남성,SEX
,,2,여성,
5.0,가구원_연령,-,-,AGE
6.0,가구원_교육정도_교육정도,0,무학,EDU1
,,1,어린이집/유치원 재학,
,,2,초등학교,
,,3,중학교,
,,4,고등학교,
,,5,"대학교(2,3년제)",
,,6,대학교(4년제 이상),
,,7,대학원(석사과정),
,,8,대학원(박사과정),
7.0,가구원_교육정도_이수여부,1,재학,EDU2
,,2,중퇴,
,,3,휴학,
,,4,수료,
,,5,졸업,
8.0,가구원_직업 유무,1,있음,JOB1
,,2,없음,
9.0,가구원_종사상 지위,1,임금근로자,JOB2
,,2,고용주,
,,3,단독자영업자,
,,4,무급가족종사자,
10.0,가구원_직업 코드,1,관리자,JOB3
,,2,전문가 및 관련 종사자,
,,3,사무 종사자,
,,4,서비스 종사자,
,,5,판매 종사자,
,,6,농림어업 숙련 종사자,
,,7,기능원 및 관련 기능 종사자,
,,8,장치/기계 조작 및 조립 종사자,
,,9,단순노무종사자,
,,10,군인,
11.0,가구원_직업 코드 (없음),1,전업주부,JOB4
,,2,학생,
,,3,기타,
12.0,가구원_구직활동여부,1,예,JOB5
,,2,아니오,
13.0,최근 컴퓨터 이용시기,1,1개월 이내,Y1
,,2,1개월 초과 ~ 3개월 이내,
,,3,3개월 초과 ~ 1년 이내,
,,4,컴퓨터 이용 안한 지 1년 넘음,
,,5,컴퓨터 이용한 적 없음,
14.0,컴퓨터 이용빈도,1,하루에 1회 이상,Y2
,,2,1주일에 1회 이상 ~ 하루 1회 미만,
,,3,한 달에 1회 이상 ~ 1주일에 1회 미만,
,,4,한 달에 1회 미만,
15.0,최근 이동전화 이용시기,1,1개월 이내,Y3
,,2,1개월 초과 ~ 3개월 이내,
,,3,3개월 초과 ~ 1년 이내,
,,4,이동전화 이용 안한 지 1년 넘음,
,,5,이동전화 이용한 적 없음,
16.0,컴퓨터 활용능력_1),1,"문서에서 복사·붙여넣기 기능을 사용하거나 파일, 폴더 등을 다른곳으로 복사하거나 이동하기",Y4_1
,,2,"이메일, 문자, 메신저(카카오톡 등)에 문서, 사진, 영상 등을 첨부하여 보내기",
,,3,엑셀에서 기본적인 수식 사용하기,
,,4,"새 장치 연결 및 설치(프린터, 모뎀, 메모리 등)",
,,5,"소프트웨어 검색, 다운로드, 설치",
,,6,"한글, 파워포인트 등을 사용하여 발표 자료 만들기",
,,7,"컴퓨터와 다른 기기 간의 파일 전송(카메라, 스마트폰 등으로부터 사진 및 음악 전송 포함)",
,,8,온라인에서 찾은 정보의 신뢰성 확인하기(다른 출처의 정보와 비교·확인하기),
,,9,"기기나 계정의 보안 조치 설정하기(암호설정(패턴, 지문, 비밀번호, 얼굴인식), 로그인 시도 알림)",
,,10,"개인정보(이름, 연락처, 사진 등)가 앱/온라인 계정을 통해 불필요하게 많이 제공/노출되지 않도록 설정",
,,11,"특정 언어를 사용한 컴퓨터 프로그래밍, 앱 개발 (자바, 파이썬, C++ 등)",
17.0,컴퓨터 활용능력_2),1,"문서에서 복사·붙여넣기 기능을 사용하거나 파일, 폴더 등을 다른곳으로 복사하거나 이동하기",Y4_2
,,2,"이메일, 문자, 메신저(카카오톡 등)에 문서, 사진, 영상 등을 첨부하여 보내기",
,,3,엑셀에서 기본적인 수식 사용하기,
,,4,"새 장치 연결 및 설치(프린터, 모뎀, 메모리 등)",
,,5,"소프트웨어 검색, 다운로드, 설치",
,,6,"한글, 파워포인트 등을 사용하여 발표 자료 만들기",
,,7,"컴퓨터와 다른 기기 간의 파일 전송(카메라, 스마트폰 등으로부터 사진 및 음악 전송 포함)",
,,8,온라인에서 찾은 정보의 신뢰성 확인하기(다른 출처의 정보와 비교·확인하기),
,,9,"기기나 계정의 보안 조치 설정하기(암호설정(패턴, 지문, 비밀번호, 얼굴인식), 로그인 시도 알림)",
,,10,"개인정보(이름, 연락처, 사진 등)가 앱/온라인 계정을 통해 불필요하게 많이 제공/노출되지 않도록 설정",
,,11,"특정 언어를 사용한 컴퓨터 프로그래밍, 앱 개발 (자바, 파이썬, C++ 등)",
18.0,컴퓨터 활용능력_3),1,"문서에서 복사·붙여넣기 기능을 사용하거나 파일, 폴더 등을 다른곳으로 복사하거나 이동하기",Y4_3
,,2,"이메일, 문자, 메신저(카카오톡 등)에 문서, 사진, 영상 등을 첨부하여 보내기",
,,3,엑셀에서 기본적인 수식 사용하기,
,,4,"새 장치 연결 및 설치(프린터, 모뎀, 메모리 등)",
,,5,"소프트웨어 검색, 다운로드, 설치",
,,6,"한글, 파워포인트 등을 사용하여 발표 자료 만들기",
,,7,"컴퓨터와 다른 기기 간의 파일 전송(카메라, 스마트폰 등으로부터 사진 및 음악 전송 포함)",
,,8,온라인에서 찾은 정보의 신뢰성 확인하기(다른 출처의 정보와 비교·확인하기),
,,9,"기기나 계정의 보안 조치 설정하기(암호설정(패턴, 지문, 비밀번호, 얼굴인식), 로그인 시도 알림)",
,,10,"개인정보(이름, 연락처, 사진 등)가 앱/온라인 계정을 통해 불필요하게 많이 제공/노출되지 않도록 설정",
,,11,"특정 언어를 사용한 컴퓨터 프로그래밍, 앱 개발 (자바, 파이썬, C++ 등)",
19.0,컴퓨터 활용능력_4),1,"문서에서 복사·붙여넣기 기능을 사용하거나 파일, 폴더 등을 다른곳으로 복사하거나 이동하기",Y4_4
,,2,"이메일, 문자, 메신저(카카오톡 등)에 문서, 사진, 영상 등을 첨부하여 보내기",
,,3,엑셀에서 기본적인 수식 사용하기,
,,4,"새 장치 연결 및 설치(프린터, 모뎀, 메모리 등)",
,,5,"소프트웨어 검색, 다운로드, 설치",
,,6,"한글, 파워포인트 등을 사용하여 발표 자료 만들기",
,,7,"컴퓨터와 다른 기기 간의 파일 전송(카메라, 스마트폰 등으로부터 사진 및 음악 전송 포함)",
,,8,온라인에서 찾은 정보의 신뢰성 확인하기(다른 출처의 정보와 비교·확인하기),
,,9,"기기나 계정의 보안 조치 설정하기(암호설정(패턴, 지문, 비밀번호, 얼굴인식), 로그인 시도 알림)",
,,10,"개인정보(이름, 연락처, 사진 등)가 앱/온라인 계정을 통해 불필요하게 많이 제공/노출되지 않도록 설정",
,,11,"특정 언어를 사용한 컴퓨터 프로그래밍, 앱 개발 (자바, 파이썬, C++ 등)",
20.0,컴퓨터 활용능력_5),1,"문서에서 복사·붙여넣기 기능을 사용하거나 파일, 폴더 등을 다른곳으로 복사하거나 이동하기",Y4_5
,,2,"이메일, 문자, 메신저(카카오톡 등)에 문서, 사진, 영상 등을 첨부하여 보내기",
,,3,엑셀에서 기본적인 수식 사용하기,
,,4,"새 장치 연결 및 설치(프린터, 모뎀, 메모리 등)",
,,5,"소프트웨어 검색, 다운로드, 설치",
,,6,"한글, 파워포인트 등을 사용하여 발표 자료 만들기",
,,7,"컴퓨터와 다른 기기 간의 파일 전송(카메라, 스마트폰 등으로부터 사진 및 음악 전송 포함)",
,,8,온라인에서 찾은 정보의 신뢰성 확인하기(다른 출처의 정보와 비교·확인하기),
,,9,"기기나 계정의 보안 조치 설정하기(암호설정(패턴, 지문, 비밀번호, 얼굴인식), 로그인 시도 알림)",
,,10,"개인정보(이름, 연락처, 사진 등)가 앱/온라인 계정을 통해 불필요하게 많이 제공/노출되지 않도록 설정",
,,11,"특정 언어를 사용한 컴퓨터 프로그래밍, 앱 개발 (자바, 파이썬, C++ 등)",
21.0,컴퓨터 활용능력_6),1,"문서에서 복사·붙여넣기 기능을 사용하거나 파일, 폴더 등을 다른곳으로 복사하거나 이동하기",Y4_6
,,2,"이메일, 문자, 메신저(카카오톡 등)에 문서, 사진, 영상 등을 첨부하여 보내기",
,,3,엑셀에서 기본적인 수식 사용하기,
,,4,"새 장치 연결 및 설치(프린터, 모뎀, 메모리 등)",
,,5,"소프트웨어 검색, 다운로드, 설치",
,,6,"한글, 파워포인트 등을 사용하여 발표 자료 만들기",
,,7,"컴퓨터와 다른 기기 간의 파일 전송(카메라, 스마트폰 등으로부터 사진 및 음악 전송 포함)",
,,8,온라인에서 찾은 정보의 신뢰성 확인하기(다른 출처의 정보와 비교·확인하기),
,,9,"기기나 계정의 보안 조치 설정하기(암호설정(패턴, 지문, 비밀번호, 얼굴인식), 로그인 시도 알림)",
,,10,"개인정보(이름, 연락처, 사진 등)가 앱/온라인 계정을 통해 불필요하게 많이 제공/노출되지 않도록 설정",
,,11,"특정 언어를 사용한 컴퓨터 프로그래밍, 앱 개발 (자바, 파이썬, C++ 등)",
22.0,컴퓨터 활용능력_7),1,"문서에서 복사·붙여넣기 기능을 사용하거나 파일, 폴더 등을 다른곳으로 복사하거나 이동하기",Y4_7
,,2,"이메일, 문자, 메신저(카카오톡 등)에 문서, 사진, 영상 등을 첨부하여 보내기",
,,3,엑셀에서 기본적인 수식 사용하기,
,,4,"새 장치 연결 및 설치(프린터, 모뎀, 메모리 등)",
,,5,"소프트웨어 검색, 다운로드, 설치",
,,6,"한글, 파워포인트 등을 사용하여 발표 자료 만들기",
,,7,"컴퓨터와 다른 기기 간의 파일 전송(카메라, 스마트폰 등으로부터 사진 및 음악 전송 포함)",
,,8,온라인에서 찾은 정보의 신뢰성 확인하기(다른 출처의 정보와 비교·확인하기),
,,9,"기기나 계정의 보안 조치 설정하기(암호설정(패턴, 지문, 비밀번호, 얼굴인식), 로그인 시도 알림)",
,,10,"개인정보(이름, 연락처, 사진 등)가 앱/온라인 계정을 통해 불필요하게 많이 제공/노출되지 않도록 설정",
,,11,"특정 언어를 사용한 컴퓨터 프로그래밍, 앱 개발 (자바, 파이썬, C++ 등)",
23.0,컴퓨터 활용능력_8),1,"문서에서 복사·붙여넣기 기능을 사용하거나 파일, 폴더 등을 다른곳으로 복사하거나 이동하기",Y4_8
,,2,"이메일, 문자, 메신저(카카오톡 등)에 문서, 사진, 영상 등을 첨부하여 보내기",
,,3,엑셀에서 기본적인 수식 사용하기,
,,4,"새 장치 연결 및 설치(프린터, 모뎀, 메모리 등)",
,,5,"소프트웨어 검색, 다운로드, 설치",
,,6,"한글, 파워포인트 등을 사용하여 발표 자료 만들기",
,,7,"컴퓨터와 다른 기기 간의 파일 전송(카메라, 스마트폰 등으로부터 사진 및 음악 전송 포함)",
,,8,온라인에서 찾은 정보의 신뢰성 확인하기(다른 출처의 정보와 비교·확인하기),
,,9,"기기나 계정의 보안 조치 설정하기(암호설정(패턴, 지문, 비밀번호, 얼굴인식), 로그인 시도 알림)",
,,10,"개인정보(이름, 연락처, 사진 등)가 앱/온라인 계정을 통해 불필요하게 많이 제공/노출되지 않도록 설정",
,,11,"특정 언어를 사용한 컴퓨터 프로그래밍, 앱 개발 (자바, 파이썬, C++ 등)",
24.0,컴퓨터 활용능력_9),1,"문서에서 복사·붙여넣기 기능을 사용하거나 파일, 폴더 등을 다른곳으로 복사하거나 이동하기",Y4_9
,,2,"이메일, 문자, 메신저(카카오톡 등)에 문서, 사진, 영상 등을 첨부하여 보내기",
,,3,엑셀에서 기본적인 수식 사용하기,
,,4,"새 장치 연결 및 설치(프린터, 모뎀, 메모리 등)",
,,5,"소프트웨어 검색, 다운로드, 설치",
,,6,"한글, 파워포인트 등을 사용하여 발표 자료 만들기",
,,7,"컴퓨터와 다른 기기 간의 파일 전송(카메라, 스마트폰 등으로부터 사진 및 음악 전송 포함)",
,,8,온라인에서 찾은 정보의 신뢰성 확인하기(다른 출처의 정보와 비교·확인하기),
,,9,"기기나 계정의 보안 조치 설정하기(암호설정(패턴, 지문, 비밀번호, 얼굴인식), 로그인 시도 알림)",
,,10,"개인정보(이름, 연락처, 사진 등)가 앱/온라인 계정을 통해 불필요하게 많이 제공/노출되지 않도록 설정",
,,11,"특정 언어를 사용한 컴퓨터 프로그래밍, 앱 개발 (자바, 파이썬, C++ 등)",
25.0,컴퓨터 활용능력_10),1,"문서에서 복사·붙여넣기 기능을 사용하거나 파일, 폴더 등을 다른곳으로 복사하거나 이동하기",Y4_10
,,2,"이메일, 문자, 메신저(카카오톡 등)에 문서, 사진, 영상 등을 첨부하여 보내기",
,,3,엑셀에서 기본적인 수식 사용하기,
,,4,"새 장치 연결 및 설치(프린터, 모뎀, 메모리 등)",
,,5,"소프트웨어 검색, 다운로드, 설치",
,,6,"한글, 파워포인트 등을 사용하여 발표 자료 만들기",
,,7,"컴퓨터와 다른 기기 간의 파일 전송(카메라, 스마트폰 등으로부터 사진 및 음악 전송 포함)",
,,8,온라인에서 찾은 정보의 신뢰성 확인하기(다른 출처의 정보와 비교·확인하기),
,,9,"기기나 계정의 보안 조치 설정하기(암호설정(패턴, 지문, 비밀번호, 얼굴인식), 로그인 시도 알림)",
,,10,"개인정보(이름, 연락처, 사진 등)가 앱/온라인 계정을 통해 불필요하게 많이 제공/노출되지 않도록 설정",
,,11,"특정 언어를 사용한 컴퓨터 프로그래밍, 앱 개발 (자바, 파이썬, C++ 등)",
26.0,컴퓨터 활용능력_11),1,"문서에서 복사·붙여넣기 기능을 사용하거나 파일, 폴더 등을 다른곳으로 복사하거나 이동하기",Y4_11
,,2,"이메일, 문자, 메신저(카카오톡 등)에 문서, 사진, 영상 등을 첨부하여 보내기",
,,3,엑셀에서 기본적인 수식 사용하기,
,,4,"새 장치 연결 및 설치(프린터, 모뎀, 메모리 등)",
,,5,"소프트웨어 검색, 다운로드, 설치",
,,6,"한글, 파워포인트 등을 사용하여 발표 자료 만들기",
,,7,"컴퓨터와 다른 기기 간의 파일 전송(카메라, 스마트폰 등으로부터 사진 및 음악 전송 포함)",
,,8,온라인에서 찾은 정보의 신뢰성 확인하기(다른 출처의 정보와 비교·확인하기),
,,9,"기기나 계정의 보안 조치 설정하기(암호설정(패턴, 지문, 비밀번호, 얼굴인식), 로그인 시도 알림)",
,,10,"개인정보(이름, 연락처, 사진 등)가 앱/온라인 계정을 통해 불필요하게 많이 제공/노출되지 않도록 설정",
,,11,"특정 언어를 사용한 컴퓨터 프로그래밍, 앱 개발 (자바, 파이썬, C++ 등)",
27.0,최근 인터넷 이용시기,1,1개월 이내,Y5
,,2,1개월 초과 ~ 3개월 이내,
,,3,3개월 초과 ~ 1년 이내,
,,4,인터넷 이용 안한 지 1년 넘음,
,,5,인터넷 이용한 적 없음,
28.0,인터넷 이용빈도,1,하루에 1회 이상,Y6_01
,,2,1주일에 1회 이상,
,,3,1주일에 1회 미만,
29.0,인터넷 이용빈도_평균 시간(시간),-,-,Y6_02_1
30.0,인터넷 이용빈도_평균 시간(분),-,-,Y6_02_2
31.0,인터넷 접속방법_1),1,유선인터넷 사용,Y7_1
,,2,와이파이 등 특정 범위 내에서 무선인터넷 사용,
,,3,이동형 무선 인터넷 공유기(에그) 등을 이용한 무선인터넷 사용,
,,4,3G/LTE 스마트폰을 이용한 무선인터넷 사용,
,,5,5G 스마트폰을 이용한 무선인터넷 사용,
32.0,인터넷 접속방법_2),1,유선인터넷 사용,Y7_2
,,2,와이파이 등 특정 범위 내에서 무선인터넷 사용,
,,3,이동형 무선 인터넷 공유기(에그) 등을 이용한 무선인터넷 사용,
,,4,3G/LTE 스마트폰을 이용한 무선인터넷 사용,
,,5,5G 스마트폰을 이용한 무선인터넷 사용,
33.0,인터넷 접속방법_3),1,유선인터넷 사용,Y7_3
,,2,와이파이 등 특정 범위 내에서 무선인터넷 사용,
,,3,이동형 무선 인터넷 공유기(에그) 등을 이용한 무선인터넷 사용,
,,4,3G/LTE 스마트폰을 이용한 무선인터넷 사용,
,,5,5G 스마트폰을 이용한 무선인터넷 사용,
34.0,인터넷 접속방법_4),1,유선인터넷 사용,Y7_4
,,2,와이파이 등 특정 범위 내에서 무선인터넷 사용,
,,3,이동형 무선 인터넷 공유기(에그) 등을 이용한 무선인터넷 사용,
,,4,3G/LTE 스마트폰을 이용한 무선인터넷 사용,
,,5,5G 스마트폰을 이용한 무선인터넷 사용,
35.0,인터넷 접속방법_5),1,유선인터넷 사용,Y7_5
,,2,와이파이 등 특정 범위 내에서 무선인터넷 사용,
,,3,이동형 무선 인터넷 공유기(에그) 등을 이용한 무선인터넷 사용,
,,4,3G/LTE 스마트폰을 이용한 무선인터넷 사용,
,,5,5G 스마트폰을 이용한 무선인터넷 사용,
36.0,인터넷 이용장소_1),1,가정,Y8_1
,,2,다른 사람(친구 등)의 집,
,,3,회사(직장),
,,4,학교ㆍ유치원ㆍ학원 등 교육장소,
,,5,"상업 시설(PC방, 커피숍, 식당, 공항, 호텔 등)",
,,6,"공공 시설(우체국, 주민센터, 관공서, 도서관 등)",
,,7,"이동 중(이동전화, 스마트폰, 태블릿PC 등 활용)",
,,8,기타,
37.0,인터넷 이용장소_2),1,가정,Y8_2
,,2,다른 사람(친구 등)의 집,
,,3,회사(직장),
,,4,학교ㆍ유치원ㆍ학원 등 교육장소,
,,5,"상업 시설(PC방, 커피숍, 식당, 공항, 호텔 등)",
,,6,"공공 시설(우체국, 주민센터, 관공서, 도서관 등)",
,,7,"이동 중(이동전화, 스마트폰, 태블릿PC 등 활용)",
,,8,기타,
38.0,인터넷 이용장소_3),1,가정,Y8_3
,,2,다른 사람(친구 등)의 집,
,,3,회사(직장),
,,4,학교ㆍ유치원ㆍ학원 등 교육장소,
,,5,"상업 시설(PC방, 커피숍, 식당, 공항, 호텔 등)",
,,6,"공공 시설(우체국, 주민센터, 관공서, 도서관 등)",
,,7,"이동 중(이동전화, 스마트폰, 태블릿PC 등 활용)",
,,8,기타,
39.0,인터넷 이용장소_4),1,가정,Y8_4
,,2,다른 사람(친구 등)의 집,
,,3,회사(직장),
,,4,학교ㆍ유치원ㆍ학원 등 교육장소,
,,5,"상업 시설(PC방, 커피숍, 식당, 공항, 호텔 등)",
,,6,"공공 시설(우체국, 주민센터, 관공서, 도서관 등)",
,,7,"이동 중(이동전화, 스마트폰, 태블릿PC 등 활용)",
,,8,기타,
40.0,인터넷 이용장소_5),1,가정,Y8_5
,,2,다른 사람(친구 등)의 집,
,,3,회사(직장),
,,4,학교ㆍ유치원ㆍ학원 등 교육장소,
,,5,"상업 시설(PC방, 커피숍, 식당, 공항, 호텔 등)",
,,6,"공공 시설(우체국, 주민센터, 관공서, 도서관 등)",
,,7,"이동 중(이동전화, 스마트폰, 태블릿PC 등 활용)",
,,8,기타,
41.0,인터넷 이용장소_6),1,가정,Y8_6
,,2,다른 사람(친구 등)의 집,
,,3,회사(직장),
,,4,학교ㆍ유치원ㆍ학원 등 교육장소,
,,5,"상업 시설(PC방, 커피숍, 식당, 공항, 호텔 등)",
,,6,"공공 시설(우체국, 주민센터, 관공서, 도서관 등)",
,,7,"이동 중(이동전화, 스마트폰, 태블릿PC 등 활용)",
,,8,기타,
42.0,인터넷 이용장소_7),1,가정,Y8_7
,,2,다른 사람(친구 등)의 집,
,,3,회사(직장),
,,4,학교ㆍ유치원ㆍ학원 등 교육장소,
,,5,"상업 시설(PC방, 커피숍, 식당, 공항, 호텔 등)",
,,6,"공공 시설(우체국, 주민센터, 관공서, 도서관 등)",
,,7,"이동 중(이동전화, 스마트폰, 태블릿PC 등 활용)",
,,8,기타,
43.0,인터넷 이용장소_8),1,가정,Y8_8
,,2,다른 사람(친구 등)의 집,
,,3,회사(직장),
,,4,학교ㆍ유치원ㆍ학원 등 교육장소,
,,5,"상업 시설(PC방, 커피숍, 식당, 공항, 호텔 등)",
,,6,"공공 시설(우체국, 주민센터, 관공서, 도서관 등)",
,,7,"이동 중(이동전화, 스마트폰, 태블릿PC 등 활용)",
,,8,기타,
44.0,인터넷 이용장소_기타,-,-,Y8_8_TXT
45.0,최근 모바일 인터넷 이용시기,1,1개월 이내,Y9
,,2,1개월 초과 ~ 3개월 이내,
,,3,3개월 초과 ~ 1년 이내,
,,4,모바일 기기로 인터넷 이용 안한 지 1년 넘음,
,,5,모바일 기기로 인터넷 이용한 적 없음,
46.0,최근 스마트폰 이용시기,1,1개월 이내,Y10
,,2,1개월 초과 ~ 3개월 이내,
,,3,3개월 초과 ~ 1년 이내,
,,4,스마트폰으로 인터넷 이용 안한 지 1년 넘음,
,,5,스마트폰으로 인터넷 이용한 적 없음,
47.0,인터넷 이용목적_커뮤니케이션_1),1,이메일,Y11_01_1_1
,,2,"SNS(페이스북, 인스타그램, 밴드, 카카오스토리, 트위터, 틱톡(TikTok), 블로그 등)",
,,3,"인스턴트 메신저(카카오톡, 인스타그램 DM, 페이스북 메신저, 라인, 텔레그램 등)",
,,4,"음성/영상 통화(보이스톡, 페이스톡, 페이스타임, 라인(LINE) 등) 및 음성채팅(스카이프, 디스코드, 토크온 등)",
,,5,온라인 게시판 의견 개진(댓글 작성 포함),
48.0,인터넷 이용목적_커뮤니케이션_2),1,이메일,Y11_01_1_2
,,2,"SNS(페이스북, 인스타그램, 밴드, 카카오스토리, 트위터, 틱톡(TikTok), 블로그 등)",
,,3,"인스턴트 메신저(카카오톡, 인스타그램 DM, 페이스북 메신저, 라인, 텔레그램 등)",
,,4,"음성/영상 통화(보이스톡, 페이스톡, 페이스타임, 라인(LINE) 등) 및 음성채팅(스카이프, 디스코드, 토크온 등)",
,,5,온라인 게시판 의견 개진(댓글 작성 포함),
49.0,인터넷 이용목적_커뮤니케이션_3),1,이메일,Y11_01_1_3
,,2,"SNS(페이스북, 인스타그램, 밴드, 카카오스토리, 트위터, 틱톡(TikTok), 블로그 등)",
,,3,"인스턴트 메신저(카카오톡, 인스타그램 DM, 페이스북 메신저, 라인, 텔레그램 등)",
,,4,"음성/영상 통화(보이스톡, 페이스톡, 페이스타임, 라인(LINE) 등) 및 음성채팅(스카이프, 디스코드, 토크온 등)",
,,5,온라인 게시판 의견 개진(댓글 작성 포함),
50.0,인터넷 이용목적_커뮤니케이션_4),1,이메일,Y11_01_1_4
,,2,"SNS(페이스북, 인스타그램, 밴드, 카카오스토리, 트위터, 틱톡(TikTok), 블로그 등)",
,,3,"인스턴트 메신저(카카오톡, 인스타그램 DM, 페이스북 메신저, 라인, 텔레그램 등)",
,,4,"음성/영상 통화(보이스톡, 페이스톡, 페이스타임, 라인(LINE) 등) 및 음성채팅(스카이프, 디스코드, 토크온 등)",
,,5,온라인 게시판 의견 개진(댓글 작성 포함),
51.0,인터넷 이용목적_커뮤니케이션_5),1,이메일,Y11_01_1_5
,,2,"SNS(페이스북, 인스타그램, 밴드, 카카오스토리, 트위터, 틱톡(TikTok), 블로그 등)",
,,3,"인스턴트 메신저(카카오톡, 인스타그램 DM, 페이스북 메신저, 라인, 텔레그램 등)",
,,4,"음성/영상 통화(보이스톡, 페이스톡, 페이스타임, 라인(LINE) 등) 및 음성채팅(스카이프, 디스코드, 토크온 등)",
,,5,온라인 게시판 의견 개진(댓글 작성 포함),
52.0,커뮤니케이션 이용시간_주평균 시간(시간),-,-,Y11_01A_1
53.0,커뮤니케이션 이용시간_주평균 시간(분),-,-,Y11_01A_2
54.0,인터넷 이용목적_자료 및 정보획득_1),1,"건강, 의료정보(질병 현황, 병원정보, 증상, 영양정보 검색 등 포함)",Y11_02_1_1
,,2,"상품, 서비스 등 정보",
,,3,"신문, 잡지 등 뉴스(기사) 읽기",
,,4,"여행, 교통, 숙박, 위치정보",
,,5,"소프트웨어(게임 제외)·애플리케이션(앱) 다운로드, 업데이트",
55.0,인터넷 이용목적_자료 및 정보획득_2),1,"건강, 의료정보(질병 현황, 병원정보, 증상, 영양정보 검색 등 포함)",Y11_02_1_2
,,2,"상품, 서비스 등 정보",
,,3,"신문, 잡지 등 뉴스(기사) 읽기",
,,4,"여행, 교통, 숙박, 위치정보",
,,5,"소프트웨어(게임 제외)·애플리케이션(앱) 다운로드, 업데이트",
56.0,인터넷 이용목적_자료 및 정보획득_3),1,"건강, 의료정보(질병 현황, 병원정보, 증상, 영양정보 검색 등 포함)",Y11_02_1_3
,,2,"상품, 서비스 등 정보",
,,3,"신문, 잡지 등 뉴스(기사) 읽기",
,,4,"여행, 교통, 숙박, 위치정보",
,,5,"소프트웨어(게임 제외)·애플리케이션(앱) 다운로드, 업데이트",
57.0,인터넷 이용목적_자료 및 정보획득_4),1,"건강, 의료정보(질병 현황, 병원정보, 증상, 영양정보 검색 등 포함)",Y11_02_1_4
,,2,"상품, 서비스 등 정보",
,,3,"신문, 잡지 등 뉴스(기사) 읽기",
,,4,"여행, 교통, 숙박, 위치정보",
,,5,"소프트웨어(게임 제외)·애플리케이션(앱) 다운로드, 업데이트",
58.0,인터넷 이용목적_자료 및 정보획득_5),1,"건강, 의료정보(질병 현황, 병원정보, 증상, 영양정보 검색 등 포함)",Y11_02_1_5
,,2,"상품, 서비스 등 정보",
,,3,"신문, 잡지 등 뉴스(기사) 읽기",
,,4,"여행, 교통, 숙박, 위치정보",
,,5,"소프트웨어(게임 제외)·애플리케이션(앱) 다운로드, 업데이트",
59.0,정보 검색 시 주 이용 사이트/앱_1순위,1,"포털사이트(네이버, 다음, 구글 등)",Y11_02A_1순위
,,2,동영상서비스(유튜브 등),
,,3,"SNS(페이스북, 인스타그램, 네이버밴드, X(트위터) 등)",
,,4,"메신저(카카오톡, 페이스북 메신저, 라인 등)",
,,5,"생성형 AI 기반 정보검색 서비스(챗지피티(ChatGPT), 제미나이(Gemini), 코파일럿(Copilot),클로바 X(CLOVA X) 등)",
,,6,기타,
60.0,정보 검색 시 주 이용 사이트/앱_2순위,1,"포털사이트(네이버, 다음, 구글 등)",Y11_02A_2순위
,,2,동영상서비스(유튜브 등),
,,3,"SNS(페이스북, 인스타그램, 네이버밴드, X(트위터) 등)",
,,4,"메신저(카카오톡, 페이스북 메신저, 라인 등)",
,,5,"생성형 AI 기반 정보검색 서비스(챗지피티(ChatGPT), 제미나이(Gemini), 코파일럿(Copilot),클로바 X(CLOVA X) 등)",
,,6,기타,
61.0,정보 검색 시 주 이용 사이트/앱_기타,-,-,Y11_02A_6_TXT
62.0,정보 검색 시 신뢰 사이트/앱_1순위,1,"포털사이트(네이버, 다음, 구글 등)",Y11_02B_1순위
,,2,동영상서비스(유튜브 등),
,,3,"SNS(페이스북, 인스타그램, 네이버밴드, X(트위터) 등)",
,,4,"메신저(카카오톡, 페이스북 메신저, 라인 등)",
,,5,생성형 AI 기반 정보검색 서비스,
,,6,기타,
63.0,정보 검색 시 신뢰 사이트/앱_2순위,1,"포털사이트(네이버, 다음, 구글 등)",Y11_02B_2순위
,,2,동영상서비스(유튜브 등),
,,3,"SNS(페이스북, 인스타그램, 네이버밴드, X(트위터) 등)",
,,4,"메신저(카카오톡, 페이스북 메신저, 라인 등)",
,,5,생성형 AI 기반 정보검색 서비스,
,,6,기타,
64.0,정보 검색 시 신뢰 사이트/앱_기타,-,-,Y11_02B_6_TXT
65.0,인터넷 이용목적_여가활동_1),1,TV 시청 및 라디오 청취,Y11_03_1_1
,,2,음악(노래) 듣기,
,,3,"이미지, 동영상, 영화 등 보기",
,,4,"게임(온라인게임, 게임 다운로드)",
,,5,"사진 및 동영상 촬영·공유(페이스북, 인스타그램, 밴드, 카카오스토리, X(트위터) 등)",
66.0,인터넷 이용목적_여가활동_2),1,TV 시청 및 라디오 청취,Y11_03_1_2
,,2,음악(노래) 듣기,
,,3,"이미지, 동영상, 영화 등 보기",
,,4,"게임(온라인게임, 게임 다운로드)",
,,5,"사진 및 동영상 촬영·공유(페이스북, 인스타그램, 밴드, 카카오스토리, X(트위터) 등)",
67.0,인터넷 이용목적_여가활동_3),1,TV 시청 및 라디오 청취,Y11_03_1_3
,,2,음악(노래) 듣기,
,,3,"이미지, 동영상, 영화 등 보기",
,,4,"게임(온라인게임, 게임 다운로드)",
,,5,"사진 및 동영상 촬영·공유(페이스북, 인스타그램, 밴드, 카카오스토리, X(트위터) 등)",
68.0,인터넷 이용목적_여가활동_4),1,TV 시청 및 라디오 청취,Y11_03_1_4
,,2,음악(노래) 듣기,
,,3,"이미지, 동영상, 영화 등 보기",
,,4,"게임(온라인게임, 게임 다운로드)",
,,5,"사진 및 동영상 촬영·공유(페이스북, 인스타그램, 밴드, 카카오스토리, X(트위터) 등)",
69.0,인터넷 이용목적_여가활동_5),1,TV 시청 및 라디오 청취,Y11_03_1_5
,,2,음악(노래) 듣기,
,,3,"이미지, 동영상, 영화 등 보기",
,,4,"게임(온라인게임, 게임 다운로드)",
,,5,"사진 및 동영상 촬영·공유(페이스북, 인스타그램, 밴드, 카카오스토리, X(트위터) 등)",
70.0,인터넷 이용목적_직업/직장_1),1,"구직활동 및 입사지원(채용공고 검색 및 지원, 아르바이트 포함)",Y11_04_1_1
,,2,"직업, 직장관련 온라인 참여(게시판, 메신저 등)",
,,3,"화상회의(직업·직장 관련 회의 참여를 위해 구글행아웃, 줌 등 서비스 사용)",
,,4,원격근무(디지털 기기를 활용한 재택근무 또는 스마트워크),
71.0,인터넷 이용목적_직업/직장_2),1,"구직활동 및 입사지원(채용공고 검색 및 지원, 아르바이트 포함)",Y11_04_1_2
,,2,"직업, 직장관련 온라인 참여(게시판, 메신저 등)",
,,3,"화상회의(직업·직장 관련 회의 참여를 위해 구글행아웃, 줌 등 서비스 사용)",
,,4,원격근무(디지털 기기를 활용한 재택근무 또는 스마트워크),
72.0,인터넷 이용목적_직업/직장_3),1,"구직활동 및 입사지원(채용공고 검색 및 지원, 아르바이트 포함)",Y11_04_1_3
,,2,"직업, 직장관련 온라인 참여(게시판, 메신저 등)",
,,3,"화상회의(직업·직장 관련 회의 참여를 위해 구글행아웃, 줌 등 서비스 사용)",
,,4,원격근무(디지털 기기를 활용한 재택근무 또는 스마트워크),
73.0,인터넷 이용목적_직업/직장_4),1,"구직활동 및 입사지원(채용공고 검색 및 지원, 아르바이트 포함)",Y11_04_1_4
,,2,"직업, 직장관련 온라인 참여(게시판, 메신저 등)",
,,3,"화상회의(직업·직장 관련 회의 참여를 위해 구글행아웃, 줌 등 서비스 사용)",
,,4,원격근무(디지털 기기를 활용한 재택근무 또는 스마트워크),
74.0,인터넷 이용목적_교육/학습_1),1,"온라인 교육(EBS온라인클래스, e학습터, 위두랑 등 학교의 온라인 강의, 학원 인터넷 강의, 대학사이버강좌, 인터넷 수능 방송,",Y11_05_1_1
,,2,"온라인 자료, 어학ㆍ백과사전 등 정보검색을 통한 지식습득/학습",
75.0,인터넷 이용목적_교육/학습_2),1,"온라인 교육(EBS온라인클래스, e학습터, 위두랑 등 학교의 온라인 강의, 학원 인터넷 강의, 대학사이버강좌, 인터넷 수능 방송,",Y11_05_1_2
,,2,"온라인 자료, 어학ㆍ백과사전 등 정보검색을 통한 지식습득/학습",
76.0,인터넷 이용목적_홈페이지 등 운영_1),1,개인 홈페이지 운영,Y11_06_1_1
,,2,"동영상 콘텐츠 제작 및 게시(유튜브, SOOP, 틱톡(TikTok) 등)",
,,3,블로그 운영,
77.0,인터넷 이용목적_홈페이지 등 운영_2),1,개인 홈페이지 운영,Y11_06_1_2
,,2,"동영상 콘텐츠 제작 및 게시(유튜브, SOOP, 틱톡(TikTok) 등)",
,,3,블로그 운영,
78.0,인터넷 이용목적_홈페이지 등 운영_3),1,개인 홈페이지 운영,Y11_06_1_3
,,2,"동영상 콘텐츠 제작 및 게시(유튜브, SOOP, 틱톡(TikTok) 등)",
,,3,블로그 운영,
79.0,인터넷 이용목적_기타_1),1,"인터넷뱅킹(조회, 이체, 예금, 대출 등)",Y11_07_1_1
,,2,상품이나 서비스 판매(중고거래 포함),
,,3,"여행, 교통, 숙박관련 서비스 예약 및 이용",
,,4,기타,
80.0,인터넷 이용목적_기타_2),1,"인터넷뱅킹(조회, 이체, 예금, 대출 등)",Y11_07_1_2
,,2,상품이나 서비스 판매(중고거래 포함),
,,3,"여행, 교통, 숙박관련 서비스 예약 및 이용",
,,4,기타,
81.0,인터넷 이용목적_기타_3),1,"인터넷뱅킹(조회, 이체, 예금, 대출 등)",Y11_07_1_3
,,2,상품이나 서비스 판매(중고거래 포함),
,,3,"여행, 교통, 숙박관련 서비스 예약 및 이용",
,,4,기타,
82.0,인터넷 이용목적_기타_4),1,"인터넷뱅킹(조회, 이체, 예금, 대출 등)",Y11_07_1_4
,,2,상품이나 서비스 판매(중고거래 포함),
,,3,"여행, 교통, 숙박관련 서비스 예약 및 이용",
,,4,기타,
83.0,인터넷 이용목적_기타,-,-,Y11_07_TXT
84.0,주 이용 동영상서비스 앱/사이트_1순위,1,"스트리밍 플랫폼 - 유튜브, SOOP, 치지직 등",Y12_1순위
,,2,"OTT 플랫폼 - 넷플릭스, 디즈니+, 쿠팡플레이, 왓챠, 웨이브, 라프텔, 아마존 프라임, 티빙, 애플TV+ 등",
,,3,"소셜 미디어 플랫폼 - 틱톡, 인스타 릴스, 페이스북 워치 등",
,,4,"미디어 플랫폼 - 포털사이트(네이버, 다음 TV, 카카오 TV), 통신사 앱/사이트(유플러스 모바일 TV, 올레TV, SKT 등)",
,,5,기타,
,,6,전혀 안봄/이용 안함,
85.0,주 이용 동영상서비스 앱/사이트_2순위,1,"스트리밍 플랫폼 - 유튜브, SOOP, 치지직 등",Y12_2순위
,,2,"OTT 플랫폼 - 넷플릭스, 디즈니+, 쿠팡플레이, 왓챠, 웨이브, 라프텔, 아마존 프라임, 티빙, 애플TV+ 등",
,,3,"소셜 미디어 플랫폼 - 틱톡, 인스타 릴스, 페이스북 워치 등",
,,4,"미디어 플랫폼 - 포털사이트(네이버, 다음 TV, 카카오 TV), 통신사 앱/사이트(유플러스 모바일 TV, 올레TV, SKT 등)",
,,5,기타,
,,6,전혀 안봄/이용 안함,
86.0,주 이용 동영상서비스 앱/사이트_기타,-,-,Y12_5_TXT
87.0,동영상서비스 이용시간_주평균 시간(시간),-,-,Y12_01_1
88.0,동영상서비스 이용시간_주평균 시간(분),-,-,Y12_01_2
89.0,주 이용 스트리밍 플랫폼,1,유튜브,Y13
,,2,SOOP,
,,3,치지직,
,,4,기타,
90.0,주 이용 스트리밍 플랫폼_기타,-,-,Y13_4_TXT
91.0,스트리밍 플랫폼 이용시간_주평균 시간(시간),-,-,Y13_01_1
92.0,스트리밍 플랫폼 이용시간_주평균 시간(분),-,-,Y13_01_2
93.0,온라인 미디어 이용여부_1) TV,1,예,Y14_1
,,2,아니오,
94.0,온라인 미디어 이용여부_2) 신문/뉴스,1,예,Y14_2
,,2,아니오,
95.0,온라인 미디어 이용여부_3) 라디오,1,예,Y14_3
,,2,아니오,
96.0,온라인 미디어 이용여부_4) 잡지/서적,1,예,Y14_4
,,2,아니오,
97.0,온라인 미디어 이용여부_5) 영화,1,예,Y14_5
,,2,아니오,
98.0,휴대형 정보통신기기 보유현황_1),1,노트북 컴퓨터,Y15_1_1
,,2,스마트폰,
,,3,일반 이동전화(스마트폰 제외),
,,4,"태블릿PC(갤럭시탭, 아이패드 등 태블릿)",
,,5,게임기(휴대 가능한 기기),
,,6,"스마트 워치(갤럭시 워치, 애플워치 등) 및 밴드(샤오미 미밴드, 갤럭시 핏 등)",
,,7,"AR·VR 기기(오큘러스 퀘스트, 기어 VR, HTC Vive, 애플 비전 프로 등)",
,,8,"전자책 단말기(리디페이퍼, 킨들, 코보, 크레마, 교보 SAM, 아이리버 스토리 등)",
,,9,기타,
99.0,휴대형 정보통신기기 보유현황_2),1,노트북 컴퓨터,Y15_1_2
,,2,스마트폰,
,,3,일반 이동전화(스마트폰 제외),
,,4,"태블릿PC(갤럭시탭, 아이패드 등 태블릿)",
,,5,게임기(휴대 가능한 기기),
,,6,"스마트 워치(갤럭시 워치, 애플워치 등) 및 밴드(샤오미 미밴드, 갤럭시 핏 등)",
,,7,"AR·VR 기기(오큘러스 퀘스트, 기어 VR, HTC Vive, 애플 비전 프로 등)",
,,8,"전자책 단말기(리디페이퍼, 킨들, 코보, 크레마, 교보 SAM, 아이리버 스토리 등)",
,,9,기타,
100.0,휴대형 정보통신기기 보유현황_3),1,노트북 컴퓨터,Y15_1_3
,,2,스마트폰,
,,3,일반 이동전화(스마트폰 제외),
,,4,"태블릿PC(갤럭시탭, 아이패드 등 태블릿)",
,,5,게임기(휴대 가능한 기기),
,,6,"스마트 워치(갤럭시 워치, 애플워치 등) 및 밴드(샤오미 미밴드, 갤럭시 핏 등)",
,,7,"AR·VR 기기(오큘러스 퀘스트, 기어 VR, HTC Vive, 애플 비전 프로 등)",
,,8,"전자책 단말기(리디페이퍼, 킨들, 코보, 크레마, 교보 SAM, 아이리버 스토리 등)",
,,9,기타,
101.0,휴대형 정보통신기기 보유현황_4),1,노트북 컴퓨터,Y15_1_4
,,2,스마트폰,
,,3,일반 이동전화(스마트폰 제외),
,,4,"태블릿PC(갤럭시탭, 아이패드 등 태블릿)",
,,5,게임기(휴대 가능한 기기),
,,6,"스마트 워치(갤럭시 워치, 애플워치 등) 및 밴드(샤오미 미밴드, 갤럭시 핏 등)",
,,7,"AR·VR 기기(오큘러스 퀘스트, 기어 VR, HTC Vive, 애플 비전 프로 등)",
,,8,"전자책 단말기(리디페이퍼, 킨들, 코보, 크레마, 교보 SAM, 아이리버 스토리 등)",
,,9,기타,
102.0,휴대형 정보통신기기 보유현황_5),1,노트북 컴퓨터,Y15_1_5
,,2,스마트폰,
,,3,일반 이동전화(스마트폰 제외),
,,4,"태블릿PC(갤럭시탭, 아이패드 등 태블릿)",
,,5,게임기(휴대 가능한 기기),
,,6,"스마트 워치(갤럭시 워치, 애플워치 등) 및 밴드(샤오미 미밴드, 갤럭시 핏 등)",
,,7,"AR·VR 기기(오큘러스 퀘스트, 기어 VR, HTC Vive, 애플 비전 프로 등)",
,,8,"전자책 단말기(리디페이퍼, 킨들, 코보, 크레마, 교보 SAM, 아이리버 스토리 등)",
,,9,기타,
103.0,휴대형 정보통신기기 보유현황_6),1,노트북 컴퓨터,Y15_1_6
,,2,스마트폰,
,,3,일반 이동전화(스마트폰 제외),
,,4,"태블릿PC(갤럭시탭, 아이패드 등 태블릿)",
,,5,게임기(휴대 가능한 기기),
,,6,"스마트 워치(갤럭시 워치, 애플워치 등) 및 밴드(샤오미 미밴드, 갤럭시 핏 등)",
,,7,"AR·VR 기기(오큘러스 퀘스트, 기어 VR, HTC Vive, 애플 비전 프로 등)",
,,8,"전자책 단말기(리디페이퍼, 킨들, 코보, 크레마, 교보 SAM, 아이리버 스토리 등)",
,,9,기타,
104.0,휴대형 정보통신기기 보유현황_7),1,노트북 컴퓨터,Y15_1_7
,,2,스마트폰,
,,3,일반 이동전화(스마트폰 제외),
,,4,"태블릿PC(갤럭시탭, 아이패드 등 태블릿)",
,,5,게임기(휴대 가능한 기기),
,,6,"스마트 워치(갤럭시 워치, 애플워치 등) 및 밴드(샤오미 미밴드, 갤럭시 핏 등)",
,,7,"AR·VR 기기(오큘러스 퀘스트, 기어 VR, HTC Vive, 애플 비전 프로 등)",
,,8,"전자책 단말기(리디페이퍼, 킨들, 코보, 크레마, 교보 SAM, 아이리버 스토리 등)",
,,9,기타,
105.0,휴대형 정보통신기기 보유현황_8),1,노트북 컴퓨터,Y15_1_8
,,2,스마트폰,
,,3,일반 이동전화(스마트폰 제외),
,,4,"태블릿PC(갤럭시탭, 아이패드 등 태블릿)",
,,5,게임기(휴대 가능한 기기),
,,6,"스마트 워치(갤럭시 워치, 애플워치 등) 및 밴드(샤오미 미밴드, 갤럭시 핏 등)",
,,7,"AR·VR 기기(오큘러스 퀘스트, 기어 VR, HTC Vive, 애플 비전 프로 등)",
,,8,"전자책 단말기(리디페이퍼, 킨들, 코보, 크레마, 교보 SAM, 아이리버 스토리 등)",
,,9,기타,
106.0,휴대형 정보통신기기 보유현황_9),1,노트북 컴퓨터,Y15_1_9
,,2,스마트폰,
,,3,일반 이동전화(스마트폰 제외),
,,4,"태블릿PC(갤럭시탭, 아이패드 등 태블릿)",
,,5,게임기(휴대 가능한 기기),
,,6,"스마트 워치(갤럭시 워치, 애플워치 등) 및 밴드(샤오미 미밴드, 갤럭시 핏 등)",
,,7,"AR·VR 기기(오큘러스 퀘스트, 기어 VR, HTC Vive, 애플 비전 프로 등)",
,,8,"전자책 단말기(리디페이퍼, 킨들, 코보, 크레마, 교보 SAM, 아이리버 스토리 등)",
,,9,기타,
107.0,휴대형 정보통신기기 보유현황_기타,-,-,Y15_TXT
108.0,최근 업무 용도 이메일 이용시기,1,1개월 이내,Y16_1
,,2,1개월 초과 ~ 3개월 이내,
,,3,3개월 초과 ~ 1년 이내,
,,4,업무 용도 이메일 이용 안한 지 1년 넘음,
,,5,업무 용도 이메일 이용한 적 없음,
109.0,최근 업무 외 용도 이메일 이용시기,1,1개월 이내,Y16_2
,,2,1개월 초과 ~ 3개월 이내,
,,3,3개월 초과 ~ 1년 이내,
,,4,업무 외 용도 이메일 이용 안한 지 1년 넘음,
,,5,업무 외 용도 이메일 이용한 적 없음,
110.0,최근 인스턴트메신저 이용시기,1,1개월 이내,Y17_1
,,2,1개월 초과 ~ 3개월 이내,
,,3,3개월 초과 ~ 1년 이내,
,,4,인스턴트 메신저 이용 안한 지 1년 넘음,
,,5,인스턴트 메신저 이용한 적 없음,
111.0,주 이용 인스턴트 메신저_1순위,1,카카오톡,Y18_1순위
,,2,페이스북 메신저,
,,3,라인,
,,4,네이트온,
,,5,텔레그램,
,,6,인스타그램 다이렉트메시지(DM),
,,7,네이버밴드 메신저,
,,8,기타,
112.0,주 이용 인스턴트 메신저_2순위,1,카카오톡,Y18_2순위
,,2,페이스북 메신저,
,,3,라인,
,,4,네이트온,
,,5,텔레그램,
,,6,인스타그램 다이렉트메시지(DM),
,,7,네이버밴드 메신저,
,,8,기타,
113.0,주 이용 인스턴트 메신저_기타,-,-,Y18_8_TXT
114.0,최근 SNS 이용시기,1,1개월 이내,Y19_1
,,2,1개월 초과 ~ 3개월 이내,
,,3,3개월 초과 ~ 1년 이내,
,,4,SNS 이용 안한 지 1년 넘음,
,,5,SNS 이용한 적 없음,
115.0,SNS 이용시간_주평균 시간(시간),-,-,Y20_1
116.0,SNS 이용시간_주평균 시간(분),-,-,Y20_2
117.0,주 이용 SNS 서비스_1순위,1,페이스북,Y21_1순위
,,2,인스타그램,
,,3,네이버 밴드,
,,4,카카오스토리,
,,5,X(트위터),
,,6,네이버 블로그,
,,7,티스토리,
,,8,네이버 카페,
,,9,다음 카페,
,,10,틱톡(TikTok),
,,11,스레드(Threads),
,,12,기타,
118.0,주 이용 SNS 서비스_2순위,1,페이스북,Y21_2순위
,,2,인스타그램,
,,3,네이버 밴드,
,,4,카카오스토리,
,,5,X(트위터),
,,6,네이버 블로그,
,,7,티스토리,
,,8,네이버 카페,
,,9,다음 카페,
,,10,틱톡(TikTok),
,,11,스레드(Threads),
,,12,기타,
119.0,주 이용 SNS 서비스_기타,-,-,Y21_12_TXT
120.0,SNS 이용 목적,1,업무(일) 용도,Y22
,,2,업무 외 개인적 용도,
,,3,업무(일) 및 개인적 용도 모두,
121.0,SNS 비이용 이유_1),1,필요가 없어서,Y23_1
,,2,사생활 및 개인정보 유출이 우려되어서,
,,3,SNS를 통해 알려진 정보는 믿을 수 없어서,
,,4,이용할 자신이 없거나 방법을 몰라서,
,,5,기타,
122.0,SNS 비이용 이유_2),1,필요가 없어서,Y23_2
,,2,사생활 및 개인정보 유출이 우려되어서,
,,3,SNS를 통해 알려진 정보는 믿을 수 없어서,
,,4,이용할 자신이 없거나 방법을 몰라서,
,,5,기타,
123.0,SNS 비이용 이유_3),1,필요가 없어서,Y23_3
,,2,사생활 및 개인정보 유출이 우려되어서,
,,3,SNS를 통해 알려진 정보는 믿을 수 없어서,
,,4,이용할 자신이 없거나 방법을 몰라서,
,,5,기타,
124.0,SNS 비이용 이유_4),1,필요가 없어서,Y23_4
,,2,사생활 및 개인정보 유출이 우려되어서,
,,3,SNS를 통해 알려진 정보는 믿을 수 없어서,
,,4,이용할 자신이 없거나 방법을 몰라서,
,,5,기타,
125.0,SNS 비이용 이유_5),1,필요가 없어서,Y23_5
,,2,사생활 및 개인정보 유출이 우려되어서,
,,3,SNS를 통해 알려진 정보는 믿을 수 없어서,
,,4,이용할 자신이 없거나 방법을 몰라서,
,,5,기타,
126.0,SNS 비이용 이유_기타,-,-,Y23_5_TXT
127.0,"인공지능 기술 이해도 및 식별능력_1) 스마트홈(냉장고, 청소기, 조명/온도 조절)",1,예,Y24_1
,,2,아니오,
128.0,인공지능 기술 이해도 및 식별능력_2) 얼굴인식 잠금해제,1,예,Y24_2
,,2,아니오,
129.0,인공지능 기술 이해도 및 식별능력_3) 고객 상담 챗봇을 통한 자동 응대,1,예,Y24_3
,,2,아니오,
130.0,인공지능 기술 이해도 및 식별능력_4) AI 기반 상품 추천 시스템,1,예,Y24_4
,,2,아니오,
131.0,인공지능 기술 이해도 및 식별능력_5) 재난정보 예측 및 사전제공 시스템,1,예,Y24_5
,,2,아니오,
132.0,인공지능 기술 이해도 및 식별능력_6) 교통사고나 위험상황 징후 탐지 예고,1,예,Y24_6
,,2,아니오,
133.0,인공지능 기술 이해도 및 식별능력_7) 드론 자동 비행,1,예,Y24_7
,,2,아니오,
134.0,인공지능 서비스 인지경험 분야_1),1,교육·학습,Y25_01_1_1
,,2,주거 편의,
,,3,커뮤니케이션/친교,
,,4,미디어,
,,5,금융,
,,6,교통,
,,7,헬스케어,
,,8,기타,
,,9,위 항목 중 알고 있는 인공지능 서비스가 없음,
135.0,인공지능 서비스 인지경험 분야_2),1,교육·학습,Y25_01_1_2
,,2,주거 편의,
,,3,커뮤니케이션/친교,
,,4,미디어,
,,5,금융,
,,6,교통,
,,7,헬스케어,
,,8,기타,
,,9,위 항목 중 알고 있는 인공지능 서비스가 없음,
136.0,인공지능 서비스 인지경험 분야_3),1,교육·학습,Y25_01_1_3
,,2,주거 편의,
,,3,커뮤니케이션/친교,
,,4,미디어,
,,5,금융,
,,6,교통,
,,7,헬스케어,
,,8,기타,
,,9,위 항목 중 알고 있는 인공지능 서비스가 없음,
137.0,인공지능 서비스 인지경험 분야_4),1,교육·학습,Y25_01_1_4
,,2,주거 편의,
,,3,커뮤니케이션/친교,
,,4,미디어,
,,5,금융,
,,6,교통,
,,7,헬스케어,
,,8,기타,
,,9,위 항목 중 알고 있는 인공지능 서비스가 없음,
138.0,인공지능 서비스 인지경험 분야_5),1,교육·학습,Y25_01_1_5
,,2,주거 편의,
,,3,커뮤니케이션/친교,
,,4,미디어,
,,5,금융,
,,6,교통,
,,7,헬스케어,
,,8,기타,
,,9,위 항목 중 알고 있는 인공지능 서비스가 없음,
139.0,인공지능 서비스 인지경험 분야_6),1,교육·학습,Y25_01_1_6
,,2,주거 편의,
,,3,커뮤니케이션/친교,
,,4,미디어,
,,5,금융,
,,6,교통,
,,7,헬스케어,
,,8,기타,
,,9,위 항목 중 알고 있는 인공지능 서비스가 없음,
140.0,인공지능 서비스 인지경험 분야_7),1,교육·학습,Y25_01_1_7
,,2,주거 편의,
,,3,커뮤니케이션/친교,
,,4,미디어,
,,5,금융,
,,6,교통,
,,7,헬스케어,
,,8,기타,
,,9,위 항목 중 알고 있는 인공지능 서비스가 없음,
141.0,인공지능 서비스 인지경험 분야_8),1,교육·학습,Y25_01_1_8
,,2,주거 편의,
,,3,커뮤니케이션/친교,
,,4,미디어,
,,5,금융,
,,6,교통,
,,7,헬스케어,
,,8,기타,
,,9,위 항목 중 알고 있는 인공지능 서비스가 없음,
142.0,인공지능 서비스 인지경험 분야_기타,-,-,Y25_01_1_8_TXT
143.0,인공지능 서비스 인지경험 분야_없음,1,교육·학습,Y25_01_1_9
,,2,주거 편의,
,,3,커뮤니케이션/친교,
,,4,미디어,
,,5,금융,
,,6,교통,
,,7,헬스케어,
,,8,기타,
,,9,위 항목 중 알고 있는 인공지능 서비스가 없음,
144.0,인공지능 서비스 이용경험 분야_1),1,교육·학습,Y25_02_1_1
,,2,주거 편의,
,,3,커뮤니케이션/친교,
,,4,미디어,
,,5,금융,
,,6,교통,
,,7,헬스케어,
,,8,기타,
,,10,인공지능 서비스를 이용한 적 없음,
145.0,인공지능 서비스 이용경험 분야_2),1,교육·학습,Y25_02_1_2
,,2,주거 편의,
,,3,커뮤니케이션/친교,
,,4,미디어,
,,5,금융,
,,6,교통,
,,7,헬스케어,
,,8,기타,
,,10,인공지능 서비스를 이용한 적 없음,
146.0,인공지능 서비스 이용경험 분야_3),1,교육·학습,Y25_02_1_3
,,2,주거 편의,
,,3,커뮤니케이션/친교,
,,4,미디어,
,,5,금융,
,,6,교통,
,,7,헬스케어,
,,8,기타,
,,10,인공지능 서비스를 이용한 적 없음,
147.0,인공지능 서비스 이용경험 분야_4),1,교육·학습,Y25_02_1_4
,,2,주거 편의,
,,3,커뮤니케이션/친교,
,,4,미디어,
,,5,금융,
,,6,교통,
,,7,헬스케어,
,,8,기타,
,,10,인공지능 서비스를 이용한 적 없음,
148.0,인공지능 서비스 이용경험 분야_5),1,교육·학습,Y25_02_1_5
,,2,주거 편의,
,,3,커뮤니케이션/친교,
,,4,미디어,
,,5,금융,
,,6,교통,
,,7,헬스케어,
,,8,기타,
,,10,인공지능 서비스를 이용한 적 없음,
149.0,인공지능 서비스 이용경험 분야_6),1,교육·학습,Y25_02_1_6
,,2,주거 편의,
,,3,커뮤니케이션/친교,
,,4,미디어,
,,5,금융,
,,6,교통,
,,7,헬스케어,
,,8,기타,
,,10,인공지능 서비스를 이용한 적 없음,
150.0,인공지능 서비스 이용경험 분야_7),1,교육·학습,Y25_02_1_7
,,2,주거 편의,
,,3,커뮤니케이션/친교,
,,4,미디어,
,,5,금융,
,,6,교통,
,,7,헬스케어,
,,8,기타,
,,10,인공지능 서비스를 이용한 적 없음,
151.0,인공지능 서비스 이용경험 분야_8),1,교육·학습,Y25_02_1_8
,,2,주거 편의,
,,3,커뮤니케이션/친교,
,,4,미디어,
,,5,금융,
,,6,교통,
,,7,헬스케어,
,,8,기타,
,,10,인공지능 서비스를 이용한 적 없음,
152.0,인공지능 서비스 이용경험 분야_없음,1,교육·학습,Y25_02_1_10
,,2,주거 편의,
,,3,커뮤니케이션/친교,
,,4,미디어,
,,5,금융,
,,6,교통,
,,7,헬스케어,
,,8,기타,
,,10,인공지능 서비스를 이용한 적 없음,
153.0,인공지능 서비스 도움 정도_교육·학습,1,전혀 도움이 되지 않음,Y25_03_1
,,2,도움이 되지 않음,
,,3,도움이 됨,
,,4,매우 도움이 됨,
154.0,인공지능 서비스 도움 정도_주거 편의,1,전혀 도움이 되지 않음,Y25_03_2
,,2,도움이 되지 않음,
,,3,도움이 됨,
,,4,매우 도움이 됨,
155.0,인공지능 서비스 도움 정도_커뮤니케이션/친교,1,전혀 도움이 되지 않음,Y25_03_3
,,2,도움이 되지 않음,
,,3,도움이 됨,
,,4,매우 도움이 됨,
156.0,인공지능 서비스 도움 정도_미디어,1,전혀 도움이 되지 않음,Y25_03_4
,,2,도움이 되지 않음,
,,3,도움이 됨,
,,4,매우 도움이 됨,
157.0,인공지능 서비스 도움 정도_금융,1,전혀 도움이 되지 않음,Y25_03_5
,,2,도움이 되지 않음,
,,3,도움이 됨,
,,4,매우 도움이 됨,
158.0,인공지능 서비스 도움 정도_교통,1,전혀 도움이 되지 않음,Y25_03_6
,,2,도움이 되지 않음,
,,3,도움이 됨,
,,4,매우 도움이 됨,
159.0,인공지능 서비스 도움 정도_헬스케어,1,전혀 도움이 되지 않음,Y25_03_7
,,2,도움이 되지 않음,
,,3,도움이 됨,
,,4,매우 도움이 됨,
160.0,인공지능 서비스 도움 정도_기타,1,전혀 도움이 되지 않음,Y25_03_8
,,2,도움이 되지 않음,
,,3,도움이 됨,
,,4,매우 도움이 됨,
161.0,인공지능 서비스 필요도_교육·학습,1,필요하지않음,Y25_04_1
,,2,필요함,
162.0,인공지능 서비스 필요도_주거 편의,1,필요하지않음,Y25_04_2
,,2,필요함,
163.0,인공지능 서비스 필요도_커뮤니케이션/친교,1,필요하지않음,Y25_04_3
,,2,필요함,
164.0,인공지능 서비스 필요도_미디어,1,필요하지않음,Y25_04_4
,,2,필요함,
165.0,인공지능 서비스 필요도_금융,1,필요하지않음,Y25_04_5
,,2,필요함,
166.0,인공지능 서비스 필요도_교통,1,필요하지않음,Y25_04_6
,,2,필요함,
167.0,인공지능 서비스 필요도_헬스케어,1,필요하지않음,Y25_04_7
,,2,필요함,
168.0,인공지능 서비스 필요도_기타,1,필요하지않음,Y25_04_8
,,2,필요함,
169.0,인공지능 서비스 향후 이용 의향_1),1,교육·학습,Y25_05_1_1
,,2,주거 편의,
,,3,커뮤니케이션/친교,
,,4,미디어,
,,5,금융,
,,6,교통,
,,7,헬스케어,
,,8,기타,
170.0,인공지능 서비스 향후 이용 의향_2),1,교육·학습,Y25_05_1_2
,,2,주거 편의,
,,3,커뮤니케이션/친교,
,,4,미디어,
,,5,금융,
,,6,교통,
,,7,헬스케어,
,,8,기타,
171.0,인공지능 서비스 향후 이용 의향_3),1,교육·학습,Y25_05_1_3
,,2,주거 편의,
,,3,커뮤니케이션/친교,
,,4,미디어,
,,5,금융,
,,6,교통,
,,7,헬스케어,
,,8,기타,
172.0,인공지능 서비스 향후 이용 의향_4),1,교육·학습,Y25_05_1_4
,,2,주거 편의,
,,3,커뮤니케이션/친교,
,,4,미디어,
,,5,금융,
,,6,교통,
,,7,헬스케어,
,,8,기타,
173.0,인공지능 서비스 향후 이용 의향_5),1,교육·학습,Y25_05_1_5
,,2,주거 편의,
,,3,커뮤니케이션/친교,
,,4,미디어,
,,5,금융,
,,6,교통,
,,7,헬스케어,
,,8,기타,
174.0,인공지능 서비스 향후 이용 의향_6),1,교육·학습,Y25_05_1_6
,,2,주거 편의,
,,3,커뮤니케이션/친교,
,,4,미디어,
,,5,금융,
,,6,교통,
,,7,헬스케어,
,,8,기타,
175.0,인공지능 서비스 향후 이용 의향_7),1,교육·학습,Y25_05_1_7
,,2,주거 편의,
,,3,커뮤니케이션/친교,
,,4,미디어,
,,5,금융,
,,6,교통,
,,7,헬스케어,
,,8,기타,
176.0,인공지능 서비스 향후 이용 의향_8),1,교육·학습,Y25_05_1_8
,,2,주거 편의,
,,3,커뮤니케이션/친교,
,,4,미디어,
,,5,금융,
,,6,교통,
,,7,헬스케어,
,,8,기타,
177.0,생성형 AI 경험활동_1) 챗지피티(ChatGPT),1,챗지피티(ChatGPT),Y26_1_1
,,2,제미나이(Gemini),
,,3,코파일럿(Copilot),
,,4,클로바 X(CLOVA X),
,,5,기타,
,,6,경험해 본 적 없음,
178.0,생성형 AI 경험활동_2) 제미나이(Gemini),1,챗지피티(ChatGPT),Y26_1_2
,,2,제미나이(Gemini),
,,3,코파일럿(Copilot),
,,4,클로바 X(CLOVA X),
,,5,기타,
,,6,경험해 본 적 없음,
179.0,생성형 AI 경험활동_3) 코파일럿(Copilot),1,챗지피티(ChatGPT),Y26_1_3
,,2,제미나이(Gemini),
,,3,코파일럿(Copilot),
,,4,클로바 X(CLOVA X),
,,5,기타,
,,6,경험해 본 적 없음,
180.0,생성형 AI 경험활동_4) 클로바 X(CLOVA X),1,챗지피티(ChatGPT),Y26_1_4
,,2,제미나이(Gemini),
,,3,코파일럿(Copilot),
,,4,클로바 X(CLOVA X),
,,5,기타,
,,6,경험해 본 적 없음,
181.0,생성형 AI 경험활동_5) 기타,1,챗지피티(ChatGPT),Y26_1_5
,,2,제미나이(Gemini),
,,3,코파일럿(Copilot),
,,4,클로바 X(CLOVA X),
,,5,기타,
,,6,경험해 본 적 없음,
182.0,생성형 AI 경험활동_경험해 본 적 없음,1,챗지피티(ChatGPT),Y26_1_6
,,2,제미나이(Gemini),
,,3,코파일럿(Copilot),
,,4,클로바 X(CLOVA X),
,,5,기타,
,,6,경험해 본 적 없음,
183.0,생성형 AI 경험활동_기타,-,-,Y26_TXT
184.0,생성형 AI 유료 결제 여부_1) 챗지피티(ChatGPT),1,챗지피티(ChatGPT),Y26_01_1_1
,,2,제미나이(Gemini),
,,3,코파일럿(Copilot),
,,4,클로바 X(CLOVA X),
,,5,기타,
185.0,생성형 AI 유료 결제 여부_2) 제미나이(Gemini),1,챗지피티(ChatGPT),Y26_01_1_2
,,2,제미나이(Gemini),
,,3,코파일럿(Copilot),
,,4,클로바 X(CLOVA X),
,,5,기타,
186.0,생성형 AI 유료 결제 여부_3) 코파일럿(Copilot),1,챗지피티(ChatGPT),Y26_01_1_3
,,2,제미나이(Gemini),
,,3,코파일럿(Copilot),
,,4,클로바 X(CLOVA X),
,,5,기타,
187.0,생성형 AI 유료 결제 여부_4) 클로바 X(CLOVA X),1,챗지피티(ChatGPT),Y26_01_1_4
,,2,제미나이(Gemini),
,,3,코파일럿(Copilot),
,,4,클로바 X(CLOVA X),
,,5,기타,
188.0,생성형 AI 유료 결제 여부_5) 기타,1,챗지피티(ChatGPT),Y26_01_1_5
,,2,제미나이(Gemini),
,,3,코파일럿(Copilot),
,,4,클로바 X(CLOVA X),
,,5,기타,
189.0,생성형 AI 이용 목적_1) 챗지피티(ChatGPT)_1),1,단순 정보 검색,Y26_02_1_1
,,2,"문서작업 보조(보고서, PPT 작성, 작문, 요약 등)",
,,3,외국어 번역,
,,4,"창작 및 취미활동 보조(그림, 디자인, 소설, 시 작성 등)",
,,5,코딩 및 프로그램 개발,
,,6,"업무 자동화(서류 자동 처리, 자동 일정 관리 등)",
,,7,기타,
190.0,생성형 AI 이용 목적_1) 챗지피티(ChatGPT)_2),1,단순 정보 검색,Y26_02_1_2
,,2,"문서작업 보조(보고서, PPT 작성, 작문, 요약 등)",
,,3,외국어 번역,
,,4,"창작 및 취미활동 보조(그림, 디자인, 소설, 시 작성 등)",
,,5,코딩 및 프로그램 개발,
,,6,"업무 자동화(서류 자동 처리, 자동 일정 관리 등)",
,,7,기타,
191.0,생성형 AI 이용 목적_1) 챗지피티(ChatGPT)_3),1,단순 정보 검색,Y26_02_1_3
,,2,"문서작업 보조(보고서, PPT 작성, 작문, 요약 등)",
,,3,외국어 번역,
,,4,"창작 및 취미활동 보조(그림, 디자인, 소설, 시 작성 등)",
,,5,코딩 및 프로그램 개발,
,,6,"업무 자동화(서류 자동 처리, 자동 일정 관리 등)",
,,7,기타,
192.0,생성형 AI 이용 목적_1) 챗지피티(ChatGPT)_4),1,단순 정보 검색,Y26_02_1_4
,,2,"문서작업 보조(보고서, PPT 작성, 작문, 요약 등)",
,,3,외국어 번역,
,,4,"창작 및 취미활동 보조(그림, 디자인, 소설, 시 작성 등)",
,,5,코딩 및 프로그램 개발,
,,6,"업무 자동화(서류 자동 처리, 자동 일정 관리 등)",
,,7,기타,
193.0,생성형 AI 이용 목적_1) 챗지피티(ChatGPT)_5),1,단순 정보 검색,Y26_02_1_5
,,2,"문서작업 보조(보고서, PPT 작성, 작문, 요약 등)",
,,3,외국어 번역,
,,4,"창작 및 취미활동 보조(그림, 디자인, 소설, 시 작성 등)",
,,5,코딩 및 프로그램 개발,
,,6,"업무 자동화(서류 자동 처리, 자동 일정 관리 등)",
,,7,기타,
194.0,생성형 AI 이용 목적_1) 챗지피티(ChatGPT)_6),1,단순 정보 검색,Y26_02_1_6
,,2,"문서작업 보조(보고서, PPT 작성, 작문, 요약 등)",
,,3,외국어 번역,
,,4,"창작 및 취미활동 보조(그림, 디자인, 소설, 시 작성 등)",
,,5,코딩 및 프로그램 개발,
,,6,"업무 자동화(서류 자동 처리, 자동 일정 관리 등)",
,,7,기타,
195.0,생성형 AI 이용 목적_1) 챗지피티(ChatGPT)_7),1,단순 정보 검색,Y26_02_1_7
,,2,"문서작업 보조(보고서, PPT 작성, 작문, 요약 등)",
,,3,외국어 번역,
,,4,"창작 및 취미활동 보조(그림, 디자인, 소설, 시 작성 등)",
,,5,코딩 및 프로그램 개발,
,,6,"업무 자동화(서류 자동 처리, 자동 일정 관리 등)",
,,7,기타,
196.0,생성형 AI 이용 목적_1) 챗지피티(ChatGPT)_기타,-,-,Y26_02_1_7_TXT
197.0,생성형 AI 이용 목적_2) 제미나이(Gemini)_1),1,단순 정보 검색,Y26_02_2_1
,,2,"문서작업 보조(보고서, PPT 작성, 작문, 요약 등)",
,,3,외국어 번역,
,,4,"창작 및 취미활동 보조(그림, 디자인, 소설, 시 작성 등)",
,,5,코딩 및 프로그램 개발,
,,6,"업무 자동화(서류 자동 처리, 자동 일정 관리 등)",
,,7,기타,
198.0,생성형 AI 이용 목적_2) 제미나이(Gemini)_2),1,단순 정보 검색,Y26_02_2_2
,,2,"문서작업 보조(보고서, PPT 작성, 작문, 요약 등)",
,,3,외국어 번역,
,,4,"창작 및 취미활동 보조(그림, 디자인, 소설, 시 작성 등)",
,,5,코딩 및 프로그램 개발,
,,6,"업무 자동화(서류 자동 처리, 자동 일정 관리 등)",
,,7,기타,
199.0,생성형 AI 이용 목적_2) 제미나이(Gemini)_3),1,단순 정보 검색,Y26_02_2_3
,,2,"문서작업 보조(보고서, PPT 작성, 작문, 요약 등)",
,,3,외국어 번역,
,,4,"창작 및 취미활동 보조(그림, 디자인, 소설, 시 작성 등)",
,,5,코딩 및 프로그램 개발,
,,6,"업무 자동화(서류 자동 처리, 자동 일정 관리 등)",
,,7,기타,
200.0,생성형 AI 이용 목적_2) 제미나이(Gemini)_4),1,단순 정보 검색,Y26_02_2_4
,,2,"문서작업 보조(보고서, PPT 작성, 작문, 요약 등)",
,,3,외국어 번역,
,,4,"창작 및 취미활동 보조(그림, 디자인, 소설, 시 작성 등)",
,,5,코딩 및 프로그램 개발,
,,6,"업무 자동화(서류 자동 처리, 자동 일정 관리 등)",
,,7,기타,
201.0,생성형 AI 이용 목적_2) 제미나이(Gemini)_5),1,단순 정보 검색,Y26_02_2_5
,,2,"문서작업 보조(보고서, PPT 작성, 작문, 요약 등)",
,,3,외국어 번역,
,,4,"창작 및 취미활동 보조(그림, 디자인, 소설, 시 작성 등)",
,,5,코딩 및 프로그램 개발,
,,6,"업무 자동화(서류 자동 처리, 자동 일정 관리 등)",
,,7,기타,
202.0,생성형 AI 이용 목적_2) 제미나이(Gemini)_6),1,단순 정보 검색,Y26_02_2_6
,,2,"문서작업 보조(보고서, PPT 작성, 작문, 요약 등)",
,,3,외국어 번역,
,,4,"창작 및 취미활동 보조(그림, 디자인, 소설, 시 작성 등)",
,,5,코딩 및 프로그램 개발,
,,6,"업무 자동화(서류 자동 처리, 자동 일정 관리 등)",
,,7,기타,
203.0,생성형 AI 이용 목적_2) 제미나이(Gemini)_7),1,단순 정보 검색,Y26_02_2_7
,,2,"문서작업 보조(보고서, PPT 작성, 작문, 요약 등)",
,,3,외국어 번역,
,,4,"창작 및 취미활동 보조(그림, 디자인, 소설, 시 작성 등)",
,,5,코딩 및 프로그램 개발,
,,6,"업무 자동화(서류 자동 처리, 자동 일정 관리 등)",
,,7,기타,
204.0,생성형 AI 이용 목적_2) 제미나이(Gemini)_기타,-,-,Y26_02_2_7_TXT
205.0,생성형 AI 이용 목적_3) 코파일럿(Copilot)_1),1,단순 정보 검색,Y26_02_3_1
,,2,"문서작업 보조(보고서, PPT 작성, 작문, 요약 등)",
,,3,외국어 번역,
,,4,"창작 및 취미활동 보조(그림, 디자인, 소설, 시 작성 등)",
,,5,코딩 및 프로그램 개발,
,,6,"업무 자동화(서류 자동 처리, 자동 일정 관리 등)",
,,7,기타,
206.0,생성형 AI 이용 목적_3) 코파일럿(Copilot)_2),1,단순 정보 검색,Y26_02_3_2
,,2,"문서작업 보조(보고서, PPT 작성, 작문, 요약 등)",
,,3,외국어 번역,
,,4,"창작 및 취미활동 보조(그림, 디자인, 소설, 시 작성 등)",
,,5,코딩 및 프로그램 개발,
,,6,"업무 자동화(서류 자동 처리, 자동 일정 관리 등)",
,,7,기타,
207.0,생성형 AI 이용 목적_3) 코파일럿(Copilot)_3),1,단순 정보 검색,Y26_02_3_3
,,2,"문서작업 보조(보고서, PPT 작성, 작문, 요약 등)",
,,3,외국어 번역,
,,4,"창작 및 취미활동 보조(그림, 디자인, 소설, 시 작성 등)",
,,5,코딩 및 프로그램 개발,
,,6,"업무 자동화(서류 자동 처리, 자동 일정 관리 등)",
,,7,기타,
208.0,생성형 AI 이용 목적_3) 코파일럿(Copilot)_4),1,단순 정보 검색,Y26_02_3_4
,,2,"문서작업 보조(보고서, PPT 작성, 작문, 요약 등)",
,,3,외국어 번역,
,,4,"창작 및 취미활동 보조(그림, 디자인, 소설, 시 작성 등)",
,,5,코딩 및 프로그램 개발,
,,6,"업무 자동화(서류 자동 처리, 자동 일정 관리 등)",
,,7,기타,
209.0,생성형 AI 이용 목적_3) 코파일럿(Copilot)_5),1,단순 정보 검색,Y26_02_3_5
,,2,"문서작업 보조(보고서, PPT 작성, 작문, 요약 등)",
,,3,외국어 번역,
,,4,"창작 및 취미활동 보조(그림, 디자인, 소설, 시 작성 등)",
,,5,코딩 및 프로그램 개발,
,,6,"업무 자동화(서류 자동 처리, 자동 일정 관리 등)",
,,7,기타,
210.0,생성형 AI 이용 목적_3) 코파일럿(Copilot)_6),1,단순 정보 검색,Y26_02_3_6
,,2,"문서작업 보조(보고서, PPT 작성, 작문, 요약 등)",
,,3,외국어 번역,
,,4,"창작 및 취미활동 보조(그림, 디자인, 소설, 시 작성 등)",
,,5,코딩 및 프로그램 개발,
,,6,"업무 자동화(서류 자동 처리, 자동 일정 관리 등)",
,,7,기타,
211.0,생성형 AI 이용 목적_3) 코파일럿(Copilot)_7),1,단순 정보 검색,Y26_02_3_7
,,2,"문서작업 보조(보고서, PPT 작성, 작문, 요약 등)",
,,3,외국어 번역,
,,4,"창작 및 취미활동 보조(그림, 디자인, 소설, 시 작성 등)",
,,5,코딩 및 프로그램 개발,
,,6,"업무 자동화(서류 자동 처리, 자동 일정 관리 등)",
,,7,기타,
212.0,생성형 AI 이용 목적_3) 코파일럿(Copilot)_기타,-,-,Y26_02_3_7_TXT
213.0,생성형 AI 이용 목적_4) 클로바 X(CLOVA X)_1),1,단순 정보 검색,Y26_02_4_1
,,2,"문서작업 보조(보고서, PPT 작성, 작문, 요약 등)",
,,3,외국어 번역,
,,4,"창작 및 취미활동 보조(그림, 디자인, 소설, 시 작성 등)",
,,5,코딩 및 프로그램 개발,
,,6,"업무 자동화(서류 자동 처리, 자동 일정 관리 등)",
,,7,기타,
214.0,생성형 AI 이용 목적_4) 클로바 X(CLOVA X)_2),1,단순 정보 검색,Y26_02_4_2
,,2,"문서작업 보조(보고서, PPT 작성, 작문, 요약 등)",
,,3,외국어 번역,
,,4,"창작 및 취미활동 보조(그림, 디자인, 소설, 시 작성 등)",
,,5,코딩 및 프로그램 개발,
,,6,"업무 자동화(서류 자동 처리, 자동 일정 관리 등)",
,,7,기타,
215.0,생성형 AI 이용 목적_4) 클로바 X(CLOVA X)_3),1,단순 정보 검색,Y26_02_4_3
,,2,"문서작업 보조(보고서, PPT 작성, 작문, 요약 등)",
,,3,외국어 번역,
,,4,"창작 및 취미활동 보조(그림, 디자인, 소설, 시 작성 등)",
,,5,코딩 및 프로그램 개발,
,,6,"업무 자동화(서류 자동 처리, 자동 일정 관리 등)",
,,7,기타,
216.0,생성형 AI 이용 목적_4) 클로바 X(CLOVA X)_4),1,단순 정보 검색,Y26_02_4_4
,,2,"문서작업 보조(보고서, PPT 작성, 작문, 요약 등)",
,,3,외국어 번역,
,,4,"창작 및 취미활동 보조(그림, 디자인, 소설, 시 작성 등)",
,,5,코딩 및 프로그램 개발,
,,6,"업무 자동화(서류 자동 처리, 자동 일정 관리 등)",
,,7,기타,
217.0,생성형 AI 이용 목적_4) 클로바 X(CLOVA X)_5),1,단순 정보 검색,Y26_02_4_5
,,2,"문서작업 보조(보고서, PPT 작성, 작문, 요약 등)",
,,3,외국어 번역,
,,4,"창작 및 취미활동 보조(그림, 디자인, 소설, 시 작성 등)",
,,5,코딩 및 프로그램 개발,
,,6,"업무 자동화(서류 자동 처리, 자동 일정 관리 등)",
,,7,기타,
218.0,생성형 AI 이용 목적_4) 클로바 X(CLOVA X)_6),1,단순 정보 검색,Y26_02_4_6
,,2,"문서작업 보조(보고서, PPT 작성, 작문, 요약 등)",
,,3,외국어 번역,
,,4,"창작 및 취미활동 보조(그림, 디자인, 소설, 시 작성 등)",
,,5,코딩 및 프로그램 개발,
,,6,"업무 자동화(서류 자동 처리, 자동 일정 관리 등)",
,,7,기타,
219.0,생성형 AI 이용 목적_4) 클로바 X(CLOVA X)_7),1,단순 정보 검색,Y26_02_4_7
,,2,"문서작업 보조(보고서, PPT 작성, 작문, 요약 등)",
,,3,외국어 번역,
,,4,"창작 및 취미활동 보조(그림, 디자인, 소설, 시 작성 등)",
,,5,코딩 및 프로그램 개발,
,,6,"업무 자동화(서류 자동 처리, 자동 일정 관리 등)",
,,7,기타,
220.0,생성형 AI 이용 목적_4) 클로바 X(CLOVA X)_기타,-,-,Y26_02_4_7_TXT
221.0,생성형 AI 이용 목적_5) 기타_1),1,단순 정보 검색,Y26_02_5_1
,,2,"문서작업 보조(보고서, PPT 작성, 작문, 요약 등)",
,,3,외국어 번역,
,,4,"창작 및 취미활동 보조(그림, 디자인, 소설, 시 작성 등)",
,,5,코딩 및 프로그램 개발,
,,6,"업무 자동화(서류 자동 처리, 자동 일정 관리 등)",
,,7,기타,
222.0,생성형 AI 이용 목적_5) 기타_2),1,단순 정보 검색,Y26_02_5_2
,,2,"문서작업 보조(보고서, PPT 작성, 작문, 요약 등)",
,,3,외국어 번역,
,,4,"창작 및 취미활동 보조(그림, 디자인, 소설, 시 작성 등)",
,,5,코딩 및 프로그램 개발,
,,6,"업무 자동화(서류 자동 처리, 자동 일정 관리 등)",
,,7,기타,
223.0,생성형 AI 이용 목적_5) 기타_3),1,단순 정보 검색,Y26_02_5_3
,,2,"문서작업 보조(보고서, PPT 작성, 작문, 요약 등)",
,,3,외국어 번역,
,,4,"창작 및 취미활동 보조(그림, 디자인, 소설, 시 작성 등)",
,,5,코딩 및 프로그램 개발,
,,6,"업무 자동화(서류 자동 처리, 자동 일정 관리 등)",
,,7,기타,
224.0,생성형 AI 이용 목적_5) 기타_4),1,단순 정보 검색,Y26_02_5_4
,,2,"문서작업 보조(보고서, PPT 작성, 작문, 요약 등)",
,,3,외국어 번역,
,,4,"창작 및 취미활동 보조(그림, 디자인, 소설, 시 작성 등)",
,,5,코딩 및 프로그램 개발,
,,6,"업무 자동화(서류 자동 처리, 자동 일정 관리 등)",
,,7,기타,
225.0,생성형 AI 이용 목적_5) 기타_5),1,단순 정보 검색,Y26_02_5_5
,,2,"문서작업 보조(보고서, PPT 작성, 작문, 요약 등)",
,,3,외국어 번역,
,,4,"창작 및 취미활동 보조(그림, 디자인, 소설, 시 작성 등)",
,,5,코딩 및 프로그램 개발,
,,6,"업무 자동화(서류 자동 처리, 자동 일정 관리 등)",
,,7,기타,
226.0,생성형 AI 이용 목적_5) 기타_6),1,단순 정보 검색,Y26_02_5_6
,,2,"문서작업 보조(보고서, PPT 작성, 작문, 요약 등)",
,,3,외국어 번역,
,,4,"창작 및 취미활동 보조(그림, 디자인, 소설, 시 작성 등)",
,,5,코딩 및 프로그램 개발,
,,6,"업무 자동화(서류 자동 처리, 자동 일정 관리 등)",
,,7,기타,
227.0,생성형 AI 이용 목적_5) 기타_7),1,단순 정보 검색,Y26_02_5_7
,,2,"문서작업 보조(보고서, PPT 작성, 작문, 요약 등)",
,,3,외국어 번역,
,,4,"창작 및 취미활동 보조(그림, 디자인, 소설, 시 작성 등)",
,,5,코딩 및 프로그램 개발,
,,6,"업무 자동화(서류 자동 처리, 자동 일정 관리 등)",
,,7,기타,
228.0,생성형 AI 이용 목적_5) 기타_기타,-,-,Y26_02_5_7_TXT
229.0,생성형 AI 이용 만족도_1) 챗지피티(ChatGPT),1,매우만족한다,Y26_03_1
,,2,만족한다,
,,3,보통이다,
,,4,대체로불만족한다,
,,5,매우불만족한다,
230.0,생성형 AI 이용 만족도_2) 제미나이(Gemini),1,매우만족한다,Y26_03_2
,,2,만족한다,
,,3,보통이다,
,,4,대체로불만족한다,
,,5,매우불만족한다,
231.0,생성형 AI 이용 만족도_3) 코파일럿(Copilot),1,매우만족한다,Y26_03_3
,,2,만족한다,
,,3,보통이다,
,,4,대체로불만족한다,
,,5,매우불만족한다,
232.0,생성형 AI 이용 만족도_4) 클로바 X(CLOVA X),1,매우만족한다,Y26_03_4
,,2,만족한다,
,,3,보통이다,
,,4,대체로불만족한다,
,,5,매우불만족한다,
233.0,생성형 AI 이용 만족도_5) 기타,1,매우만족한다,Y26_03_5
,,2,만족한다,
,,3,보통이다,
,,4,대체로불만족한다,
,,5,매우불만족한다,
234.0,생성형 AI 미이용 이유,1,관심 또는 필요가 없어서,Y26_04
,,2,그런 서비스가 존재하는지를 몰라서,
,,3,이용 방법을 몰라서,
,,4,사생활 침해가 우려되어서(개인정보 유출 등),
,,5,보안 문제가 우려되어서(바이러스 감염 등),
,,6,기타,
235.0,생성형 AI 미이용 이유_기타,-,-,Y26_04_6_TXT
236.0,인공지능 서비스에 대한 의견_1) 정부/기업의 인공지능 기반 서비스는 사회전반에 긍정적인 영향을 준다,1,전혀그렇지않다,Y27_1
,,2,그렇지않다,
,,3,보통이다,
,,4,그렇다,
,,5,매우그렇다,
237.0,인공지능 서비스에 대한 의견_2) 인공지능 서비스는 나에게 심리적 도움이나 즐거움을 준다,1,전혀그렇지않다,Y27_2
,,2,그렇지않다,
,,3,보통이다,
,,4,그렇다,
,,5,매우그렇다,
238.0,인공지능 서비스에 대한 의견_3) 인공지능 서비스의 개인정보 수집·처리 방법을 신뢰한다,1,전혀그렇지않다,Y27_3
,,2,그렇지않다,
,,3,보통이다,
,,4,그렇다,
,,5,매우그렇다,
239.0,인공지능 서비스에 대한 의견_4) 인공지능 서비스는 모두에게 공정하고 차별 없는 서비스이다,1,전혀그렇지않다,Y27_4
,,2,그렇지않다,
,,3,보통이다,
,,4,그렇다,
,,5,매우그렇다,
240.0,인공지능 서비스에 대한 의견_5) 인공지능 서비스가 제공하는 정보나 결과물을 신뢰한다,1,전혀그렇지않다,Y27_5
,,2,그렇지않다,
,,3,보통이다,
,,4,그렇다,
,,5,매우그렇다,
241.0,인공지능 서비스에 대한 의견_6) 인공지능 서비스가 내 일상이나 업무에 긍정적인 영향을 미친다,1,전혀그렇지않다,Y27_6
,,2,그렇지않다,
,,3,보통이다,
,,4,그렇다,
,,5,매우그렇다,
242.0,인공지능 서비스 활용 역량 및 윤리적 이용_1) 일상생활에서 인공지능 기술이 적용된 기기를 이용하고 있다,1,예,Y28_1
,,2,아니오,
243.0,"인공지능 서비스 활용 역량 및 윤리적 이용_2) 일상의 목표(직업, 교육 등)를 달성하기 위해 적절한 인공지능 기술을 이용하고 있다",1,예,Y28_2
,,2,아니오,
244.0,인공지능 서비스 활용 역량 및 윤리적 이용_3) 인공지능을 활용한 문제해결과정의 장점과 단점에 대해서 알고 이용하고 있다,1,예,Y28_3
,,2,아니오,
245.0,"인공지능 서비스 활용 역량 및 윤리적 이용_4) 알고리즘 편향성, 오정보, 프라이버시 침해 등 인공지능 기술이 가지는 위험성에 대해서 알고 있다",1,예,Y28_4
,,2,아니오,
246.0,인공지능 서비스 활용 역량 및 윤리적 이용_5) 인공지능 기술이 가지는 위험성을 고려하여 인공지능 서비스/기기를 윤리적으로 올바르게 이용하고 있다,1,예,Y28_5
,,2,아니오,
247.0,웨어러블 기기 이용 서비스_1),1,"스마트폰과 연결하여 문자, 전화 등 송·수신",Y29_1
,,2,인터넷을 통한 정보검색 기능,
,,3,"심박수, 칼로리 소모량 측정 등 건강관리 기능",
,,4,"이동거리, 경로 기록 기능",
,,5,길 안내 기능,
,,6,"가상·증강현실 체험 기능(동영상 감상, 게임 등)",
,,7,"영유아 및 노약자의 위치 확인 등 추적, 보호 기능",
,,8,기타,
248.0,웨어러블 기기 이용 서비스_2),1,"스마트폰과 연결하여 문자, 전화 등 송·수신",Y29_2
,,2,인터넷을 통한 정보검색 기능,
,,3,"심박수, 칼로리 소모량 측정 등 건강관리 기능",
,,4,"이동거리, 경로 기록 기능",
,,5,길 안내 기능,
,,6,"가상·증강현실 체험 기능(동영상 감상, 게임 등)",
,,7,"영유아 및 노약자의 위치 확인 등 추적, 보호 기능",
,,8,기타,
249.0,웨어러블 기기 이용 서비스_3),1,"스마트폰과 연결하여 문자, 전화 등 송·수신",Y29_3
,,2,인터넷을 통한 정보검색 기능,
,,3,"심박수, 칼로리 소모량 측정 등 건강관리 기능",
,,4,"이동거리, 경로 기록 기능",
,,5,길 안내 기능,
,,6,"가상·증강현실 체험 기능(동영상 감상, 게임 등)",
,,7,"영유아 및 노약자의 위치 확인 등 추적, 보호 기능",
,,8,기타,
250.0,웨어러블 기기 이용 서비스_4),1,"스마트폰과 연결하여 문자, 전화 등 송·수신",Y29_4
,,2,인터넷을 통한 정보검색 기능,
,,3,"심박수, 칼로리 소모량 측정 등 건강관리 기능",
,,4,"이동거리, 경로 기록 기능",
,,5,길 안내 기능,
,,6,"가상·증강현실 체험 기능(동영상 감상, 게임 등)",
,,7,"영유아 및 노약자의 위치 확인 등 추적, 보호 기능",
,,8,기타,
251.0,웨어러블 기기 이용 서비스_5),1,"스마트폰과 연결하여 문자, 전화 등 송·수신",Y29_5
,,2,인터넷을 통한 정보검색 기능,
,,3,"심박수, 칼로리 소모량 측정 등 건강관리 기능",
,,4,"이동거리, 경로 기록 기능",
,,5,길 안내 기능,
,,6,"가상·증강현실 체험 기능(동영상 감상, 게임 등)",
,,7,"영유아 및 노약자의 위치 확인 등 추적, 보호 기능",
,,8,기타,
252.0,웨어러블 기기 이용 서비스_6),1,"스마트폰과 연결하여 문자, 전화 등 송·수신",Y29_6
,,2,인터넷을 통한 정보검색 기능,
,,3,"심박수, 칼로리 소모량 측정 등 건강관리 기능",
,,4,"이동거리, 경로 기록 기능",
,,5,길 안내 기능,
,,6,"가상·증강현실 체험 기능(동영상 감상, 게임 등)",
,,7,"영유아 및 노약자의 위치 확인 등 추적, 보호 기능",
,,8,기타,
253.0,웨어러블 기기 이용 서비스_7),1,"스마트폰과 연결하여 문자, 전화 등 송·수신",Y29_7
,,2,인터넷을 통한 정보검색 기능,
,,3,"심박수, 칼로리 소모량 측정 등 건강관리 기능",
,,4,"이동거리, 경로 기록 기능",
,,5,길 안내 기능,
,,6,"가상·증강현실 체험 기능(동영상 감상, 게임 등)",
,,7,"영유아 및 노약자의 위치 확인 등 추적, 보호 기능",
,,8,기타,
254.0,웨어러블 기기 이용 서비스_8),1,"스마트폰과 연결하여 문자, 전화 등 송·수신",Y29_8
,,2,인터넷을 통한 정보검색 기능,
,,3,"심박수, 칼로리 소모량 측정 등 건강관리 기능",
,,4,"이동거리, 경로 기록 기능",
,,5,길 안내 기능,
,,6,"가상·증강현실 체험 기능(동영상 감상, 게임 등)",
,,7,"영유아 및 노약자의 위치 확인 등 추적, 보호 기능",
,,8,기타,
255.0,웨어러블 기기 이용 서비스_기타,-,-,Y29_8_TXT
256.0,최근 인터넷쇼핑 이용시기,1,1개월 이내,Y30_1
,,2,1개월 초과 ~ 3개월 이내,
,,3,3개월 초과 ~ 1년 이내,
,,4,인터넷쇼핑 이용 안한 지 1년 넘음,
,,5,인터넷쇼핑 이용한 적 없음,
257.0,월평균 인터넷쇼핑 이용빈도,-,-,Y31
258.0,월평균 인터넷쇼핑 이용금액,-,-,Y32_1
259.0,월평균 인터넷쇼핑 이용금액 중 해외직구 비중,-,-,Y32_2
260.0,인터넷쇼핑 결제방법_1),1,신용카드,Y33_1_1
,,2,체크카드/직불카드,
,,3,간편결제 - 신용/체크/직불카드 연동,
,,4,"계좌 입금 (계좌 이체, 무통장 입금) - 인터넷뱅킹, 모바일뱅킹, ATM",
,,5,휴대폰 소액결제(통신 과금 서비스),
,,6,선불카드 및 상품권,
,,7,마일리지 및 포인트,
,,8,기타,
261.0,인터넷쇼핑 결제방법_2),1,신용카드,Y33_1_2
,,2,체크카드/직불카드,
,,3,간편결제 - 신용/체크/직불카드 연동,
,,4,"계좌 입금 (계좌 이체, 무통장 입금) - 인터넷뱅킹, 모바일뱅킹, ATM",
,,5,휴대폰 소액결제(통신 과금 서비스),
,,6,선불카드 및 상품권,
,,7,마일리지 및 포인트,
,,8,기타,
262.0,인터넷쇼핑 결제방법_3),1,신용카드,Y33_1_3
,,2,체크카드/직불카드,
,,3,간편결제 - 신용/체크/직불카드 연동,
,,4,"계좌 입금 (계좌 이체, 무통장 입금) - 인터넷뱅킹, 모바일뱅킹, ATM",
,,5,휴대폰 소액결제(통신 과금 서비스),
,,6,선불카드 및 상품권,
,,7,마일리지 및 포인트,
,,8,기타,
263.0,인터넷쇼핑 결제방법_4),1,신용카드,Y33_1_4
,,2,체크카드/직불카드,
,,3,간편결제 - 신용/체크/직불카드 연동,
,,4,"계좌 입금 (계좌 이체, 무통장 입금) - 인터넷뱅킹, 모바일뱅킹, ATM",
,,5,휴대폰 소액결제(통신 과금 서비스),
,,6,선불카드 및 상품권,
,,7,마일리지 및 포인트,
,,8,기타,
264.0,인터넷쇼핑 결제방법_5),1,신용카드,Y33_1_5
,,2,체크카드/직불카드,
,,3,간편결제 - 신용/체크/직불카드 연동,
,,4,"계좌 입금 (계좌 이체, 무통장 입금) - 인터넷뱅킹, 모바일뱅킹, ATM",
,,5,휴대폰 소액결제(통신 과금 서비스),
,,6,선불카드 및 상품권,
,,7,마일리지 및 포인트,
,,8,기타,
265.0,인터넷쇼핑 결제방법_6),1,신용카드,Y33_1_6
,,2,체크카드/직불카드,
,,3,간편결제 - 신용/체크/직불카드 연동,
,,4,"계좌 입금 (계좌 이체, 무통장 입금) - 인터넷뱅킹, 모바일뱅킹, ATM",
,,5,휴대폰 소액결제(통신 과금 서비스),
,,6,선불카드 및 상품권,
,,7,마일리지 및 포인트,
,,8,기타,
266.0,인터넷쇼핑 결제방법_7),1,신용카드,Y33_1_7
,,2,체크카드/직불카드,
,,3,간편결제 - 신용/체크/직불카드 연동,
,,4,"계좌 입금 (계좌 이체, 무통장 입금) - 인터넷뱅킹, 모바일뱅킹, ATM",
,,5,휴대폰 소액결제(통신 과금 서비스),
,,6,선불카드 및 상품권,
,,7,마일리지 및 포인트,
,,8,기타,
267.0,인터넷쇼핑 결제방법_8),1,신용카드,Y33_1_8
,,2,체크카드/직불카드,
,,3,간편결제 - 신용/체크/직불카드 연동,
,,4,"계좌 입금 (계좌 이체, 무통장 입금) - 인터넷뱅킹, 모바일뱅킹, ATM",
,,5,휴대폰 소액결제(통신 과금 서비스),
,,6,선불카드 및 상품권,
,,7,마일리지 및 포인트,
,,8,기타,
268.0,인터넷쇼핑 구매품목_1),1,"의류, 신발, 스포츠용품, 액세서리",Y34_1_1
,,2,생활/주방 용품,
,,3,유·아동 용품,
,,4,"식재료, 음식",
,,5,건강관련제품,
,,6,화장품,
,,7,"가전, 전자제품(TV, 냉장고, 세탁기 등)",
,,8,"가구, 인테리어 용품",
,,9,컴퓨터 및 컴퓨터 주변기기,
,,10,"모바일, PC, 콘솔 게임 소프트웨어",
,,11,소프트웨어(게임 제외),
,,12,구독형 소프트웨어 서비스,
,,13,교환권,
,,14,금융 상품(보험가입 및 주식거래),
,,15,교육,
,,16,"여행 상품(패키지, 숙소, 교통, 렌터카 등)",
,,17,"도서, 잡지, 신문 (웹툰, 만화 등 제외)",
,,18,"영화(티켓), 전시, 문화공연",
,,19,"영화(콘텐츠), 동영상, 이미지",
,,20,음악(음원 사이트 이용 등),
,,21,유료 콘텐츠 이모티콘,
,,22,유료 콘텐츠 웹툰·만화,
,,23,유료 콘텐츠 게임 내 유료 결제 아이템,
,,24,유료 콘텐츠 휴대폰 통화 연결음,
,,25,유료 콘텐츠 성인용 콘텐츠,
,,26,기타,
269.0,인터넷쇼핑 구매품목_2),1,"의류, 신발, 스포츠용품, 액세서리",Y34_1_2
,,2,생활/주방 용품,
,,3,유·아동 용품,
,,4,"식재료, 음식",
,,5,건강관련제품,
,,6,화장품,
,,7,"가전, 전자제품(TV, 냉장고, 세탁기 등)",
,,8,"가구, 인테리어 용품",
,,9,컴퓨터 및 컴퓨터 주변기기,
,,10,"모바일, PC, 콘솔 게임 소프트웨어",
,,11,소프트웨어(게임 제외),
,,12,구독형 소프트웨어 서비스,
,,13,교환권,
,,14,금융 상품(보험가입 및 주식거래),
,,15,교육,
,,16,"여행 상품(패키지, 숙소, 교통, 렌터카 등)",
,,17,"도서, 잡지, 신문 (웹툰, 만화 등 제외)",
,,18,"영화(티켓), 전시, 문화공연",
,,19,"영화(콘텐츠), 동영상, 이미지",
,,20,음악(음원 사이트 이용 등),
,,21,유료 콘텐츠 이모티콘,
,,22,유료 콘텐츠 웹툰·만화,
,,23,유료 콘텐츠 게임 내 유료 결제 아이템,
,,24,유료 콘텐츠 휴대폰 통화 연결음,
,,25,유료 콘텐츠 성인용 콘텐츠,
,,26,기타,
270.0,인터넷쇼핑 구매품목_3),1,"의류, 신발, 스포츠용품, 액세서리",Y34_1_3
,,2,생활/주방 용품,
,,3,유·아동 용품,
,,4,"식재료, 음식",
,,5,건강관련제품,
,,6,화장품,
,,7,"가전, 전자제품(TV, 냉장고, 세탁기 등)",
,,8,"가구, 인테리어 용품",
,,9,컴퓨터 및 컴퓨터 주변기기,
,,10,"모바일, PC, 콘솔 게임 소프트웨어",
,,11,소프트웨어(게임 제외),
,,12,구독형 소프트웨어 서비스,
,,13,교환권,
,,14,금융 상품(보험가입 및 주식거래),
,,15,교육,
,,16,"여행 상품(패키지, 숙소, 교통, 렌터카 등)",
,,17,"도서, 잡지, 신문 (웹툰, 만화 등 제외)",
,,18,"영화(티켓), 전시, 문화공연",
,,19,"영화(콘텐츠), 동영상, 이미지",
,,20,음악(음원 사이트 이용 등),
,,21,유료 콘텐츠 이모티콘,
,,22,유료 콘텐츠 웹툰·만화,
,,23,유료 콘텐츠 게임 내 유료 결제 아이템,
,,24,유료 콘텐츠 휴대폰 통화 연결음,
,,25,유료 콘텐츠 성인용 콘텐츠,
,,26,기타,
271.0,인터넷쇼핑 구매품목_4),1,"의류, 신발, 스포츠용품, 액세서리",Y34_1_4
,,2,생활/주방 용품,
,,3,유·아동 용품,
,,4,"식재료, 음식",
,,5,건강관련제품,
,,6,화장품,
,,7,"가전, 전자제품(TV, 냉장고, 세탁기 등)",
,,8,"가구, 인테리어 용품",
,,9,컴퓨터 및 컴퓨터 주변기기,
,,10,"모바일, PC, 콘솔 게임 소프트웨어",
,,11,소프트웨어(게임 제외),
,,12,구독형 소프트웨어 서비스,
,,13,교환권,
,,14,금융 상품(보험가입 및 주식거래),
,,15,교육,
,,16,"여행 상품(패키지, 숙소, 교통, 렌터카 등)",
,,17,"도서, 잡지, 신문 (웹툰, 만화 등 제외)",
,,18,"영화(티켓), 전시, 문화공연",
,,19,"영화(콘텐츠), 동영상, 이미지",
,,20,음악(음원 사이트 이용 등),
,,21,유료 콘텐츠 이모티콘,
,,22,유료 콘텐츠 웹툰·만화,
,,23,유료 콘텐츠 게임 내 유료 결제 아이템,
,,24,유료 콘텐츠 휴대폰 통화 연결음,
,,25,유료 콘텐츠 성인용 콘텐츠,
,,26,기타,
272.0,인터넷쇼핑 구매품목_5),1,"의류, 신발, 스포츠용품, 액세서리",Y34_1_5
,,2,생활/주방 용품,
,,3,유·아동 용품,
,,4,"식재료, 음식",
,,5,건강관련제품,
,,6,화장품,
,,7,"가전, 전자제품(TV, 냉장고, 세탁기 등)",
,,8,"가구, 인테리어 용품",
,,9,컴퓨터 및 컴퓨터 주변기기,
,,10,"모바일, PC, 콘솔 게임 소프트웨어",
,,11,소프트웨어(게임 제외),
,,12,구독형 소프트웨어 서비스,
,,13,교환권,
,,14,금융 상품(보험가입 및 주식거래),
,,15,교육,
,,16,"여행 상품(패키지, 숙소, 교통, 렌터카 등)",
,,17,"도서, 잡지, 신문 (웹툰, 만화 등 제외)",
,,18,"영화(티켓), 전시, 문화공연",
,,19,"영화(콘텐츠), 동영상, 이미지",
,,20,음악(음원 사이트 이용 등),
,,21,유료 콘텐츠 이모티콘,
,,22,유료 콘텐츠 웹툰·만화,
,,23,유료 콘텐츠 게임 내 유료 결제 아이템,
,,24,유료 콘텐츠 휴대폰 통화 연결음,
,,25,유료 콘텐츠 성인용 콘텐츠,
,,26,기타,
273.0,인터넷쇼핑 구매품목_6),1,"의류, 신발, 스포츠용품, 액세서리",Y34_1_6
,,2,생활/주방 용품,
,,3,유·아동 용품,
,,4,"식재료, 음식",
,,5,건강관련제품,
,,6,화장품,
,,7,"가전, 전자제품(TV, 냉장고, 세탁기 등)",
,,8,"가구, 인테리어 용품",
,,9,컴퓨터 및 컴퓨터 주변기기,
,,10,"모바일, PC, 콘솔 게임 소프트웨어",
,,11,소프트웨어(게임 제외),
,,12,구독형 소프트웨어 서비스,
,,13,교환권,
,,14,금융 상품(보험가입 및 주식거래),
,,15,교육,
,,16,"여행 상품(패키지, 숙소, 교통, 렌터카 등)",
,,17,"도서, 잡지, 신문 (웹툰, 만화 등 제외)",
,,18,"영화(티켓), 전시, 문화공연",
,,19,"영화(콘텐츠), 동영상, 이미지",
,,20,음악(음원 사이트 이용 등),
,,21,유료 콘텐츠 이모티콘,
,,22,유료 콘텐츠 웹툰·만화,
,,23,유료 콘텐츠 게임 내 유료 결제 아이템,
,,24,유료 콘텐츠 휴대폰 통화 연결음,
,,25,유료 콘텐츠 성인용 콘텐츠,
,,26,기타,
274.0,인터넷쇼핑 구매품목_7),1,"의류, 신발, 스포츠용품, 액세서리",Y34_1_7
,,2,생활/주방 용품,
,,3,유·아동 용품,
,,4,"식재료, 음식",
,,5,건강관련제품,
,,6,화장품,
,,7,"가전, 전자제품(TV, 냉장고, 세탁기 등)",
,,8,"가구, 인테리어 용품",
,,9,컴퓨터 및 컴퓨터 주변기기,
,,10,"모바일, PC, 콘솔 게임 소프트웨어",
,,11,소프트웨어(게임 제외),
,,12,구독형 소프트웨어 서비스,
,,13,교환권,
,,14,금융 상품(보험가입 및 주식거래),
,,15,교육,
,,16,"여행 상품(패키지, 숙소, 교통, 렌터카 등)",
,,17,"도서, 잡지, 신문 (웹툰, 만화 등 제외)",
,,18,"영화(티켓), 전시, 문화공연",
,,19,"영화(콘텐츠), 동영상, 이미지",
,,20,음악(음원 사이트 이용 등),
,,21,유료 콘텐츠 이모티콘,
,,22,유료 콘텐츠 웹툰·만화,
,,23,유료 콘텐츠 게임 내 유료 결제 아이템,
,,24,유료 콘텐츠 휴대폰 통화 연결음,
,,25,유료 콘텐츠 성인용 콘텐츠,
,,26,기타,
275.0,인터넷쇼핑 구매품목_8),1,"의류, 신발, 스포츠용품, 액세서리",Y34_1_8
,,2,생활/주방 용품,
,,3,유·아동 용품,
,,4,"식재료, 음식",
,,5,건강관련제품,
,,6,화장품,
,,7,"가전, 전자제품(TV, 냉장고, 세탁기 등)",
,,8,"가구, 인테리어 용품",
,,9,컴퓨터 및 컴퓨터 주변기기,
,,10,"모바일, PC, 콘솔 게임 소프트웨어",
,,11,소프트웨어(게임 제외),
,,12,구독형 소프트웨어 서비스,
,,13,교환권,
,,14,금융 상품(보험가입 및 주식거래),
,,15,교육,
,,16,"여행 상품(패키지, 숙소, 교통, 렌터카 등)",
,,17,"도서, 잡지, 신문 (웹툰, 만화 등 제외)",
,,18,"영화(티켓), 전시, 문화공연",
,,19,"영화(콘텐츠), 동영상, 이미지",
,,20,음악(음원 사이트 이용 등),
,,21,유료 콘텐츠 이모티콘,
,,22,유료 콘텐츠 웹툰·만화,
,,23,유료 콘텐츠 게임 내 유료 결제 아이템,
,,24,유료 콘텐츠 휴대폰 통화 연결음,
,,25,유료 콘텐츠 성인용 콘텐츠,
,,26,기타,
276.0,인터넷쇼핑 구매품목_9),1,"의류, 신발, 스포츠용품, 액세서리",Y34_1_9
,,2,생활/주방 용품,
,,3,유·아동 용품,
,,4,"식재료, 음식",
,,5,건강관련제품,
,,6,화장품,
,,7,"가전, 전자제품(TV, 냉장고, 세탁기 등)",
,,8,"가구, 인테리어 용품",
,,9,컴퓨터 및 컴퓨터 주변기기,
,,10,"모바일, PC, 콘솔 게임 소프트웨어",
,,11,소프트웨어(게임 제외),
,,12,구독형 소프트웨어 서비스,
,,13,교환권,
,,14,금융 상품(보험가입 및 주식거래),
,,15,교육,
,,16,"여행 상품(패키지, 숙소, 교통, 렌터카 등)",
,,17,"도서, 잡지, 신문 (웹툰, 만화 등 제외)",
,,18,"영화(티켓), 전시, 문화공연",
,,19,"영화(콘텐츠), 동영상, 이미지",
,,20,음악(음원 사이트 이용 등),
,,21,유료 콘텐츠 이모티콘,
,,22,유료 콘텐츠 웹툰·만화,
,,23,유료 콘텐츠 게임 내 유료 결제 아이템,
,,24,유료 콘텐츠 휴대폰 통화 연결음,
,,25,유료 콘텐츠 성인용 콘텐츠,
,,26,기타,
277.0,인터넷쇼핑 구매품목_10),1,"의류, 신발, 스포츠용품, 액세서리",Y34_1_10
,,2,생활/주방 용품,
,,3,유·아동 용품,
,,4,"식재료, 음식",
,,5,건강관련제품,
,,6,화장품,
,,7,"가전, 전자제품(TV, 냉장고, 세탁기 등)",
,,8,"가구, 인테리어 용품",
,,9,컴퓨터 및 컴퓨터 주변기기,
,,10,"모바일, PC, 콘솔 게임 소프트웨어",
,,11,소프트웨어(게임 제외),
,,12,구독형 소프트웨어 서비스,
,,13,교환권,
,,14,금융 상품(보험가입 및 주식거래),
,,15,교육,
,,16,"여행 상품(패키지, 숙소, 교통, 렌터카 등)",
,,17,"도서, 잡지, 신문 (웹툰, 만화 등 제외)",
,,18,"영화(티켓), 전시, 문화공연",
,,19,"영화(콘텐츠), 동영상, 이미지",
,,20,음악(음원 사이트 이용 등),
,,21,유료 콘텐츠 이모티콘,
,,22,유료 콘텐츠 웹툰·만화,
,,23,유료 콘텐츠 게임 내 유료 결제 아이템,
,,24,유료 콘텐츠 휴대폰 통화 연결음,
,,25,유료 콘텐츠 성인용 콘텐츠,
,,26,기타,
278.0,인터넷쇼핑 구매품목_11),1,"의류, 신발, 스포츠용품, 액세서리",Y34_1_11
,,2,생활/주방 용품,
,,3,유·아동 용품,
,,4,"식재료, 음식",
,,5,건강관련제품,
,,6,화장품,
,,7,"가전, 전자제품(TV, 냉장고, 세탁기 등)",
,,8,"가구, 인테리어 용품",
,,9,컴퓨터 및 컴퓨터 주변기기,
,,10,"모바일, PC, 콘솔 게임 소프트웨어",
,,11,소프트웨어(게임 제외),
,,12,구독형 소프트웨어 서비스,
,,13,교환권,
,,14,금융 상품(보험가입 및 주식거래),
,,15,교육,
,,16,"여행 상품(패키지, 숙소, 교통, 렌터카 등)",
,,17,"도서, 잡지, 신문 (웹툰, 만화 등 제외)",
,,18,"영화(티켓), 전시, 문화공연",
,,19,"영화(콘텐츠), 동영상, 이미지",
,,20,음악(음원 사이트 이용 등),
,,21,유료 콘텐츠 이모티콘,
,,22,유료 콘텐츠 웹툰·만화,
,,23,유료 콘텐츠 게임 내 유료 결제 아이템,
,,24,유료 콘텐츠 휴대폰 통화 연결음,
,,25,유료 콘텐츠 성인용 콘텐츠,
,,26,기타,
279.0,인터넷쇼핑 구매품목_12),1,"의류, 신발, 스포츠용품, 액세서리",Y34_1_12
,,2,생활/주방 용품,
,,3,유·아동 용품,
,,4,"식재료, 음식",
,,5,건강관련제품,
,,6,화장품,
,,7,"가전, 전자제품(TV, 냉장고, 세탁기 등)",
,,8,"가구, 인테리어 용품",
,,9,컴퓨터 및 컴퓨터 주변기기,
,,10,"모바일, PC, 콘솔 게임 소프트웨어",
,,11,소프트웨어(게임 제외),
,,12,구독형 소프트웨어 서비스,
,,13,교환권,
,,14,금융 상품(보험가입 및 주식거래),
,,15,교육,
,,16,"여행 상품(패키지, 숙소, 교통, 렌터카 등)",
,,17,"도서, 잡지, 신문 (웹툰, 만화 등 제외)",
,,18,"영화(티켓), 전시, 문화공연",
,,19,"영화(콘텐츠), 동영상, 이미지",
,,20,음악(음원 사이트 이용 등),
,,21,유료 콘텐츠 이모티콘,
,,22,유료 콘텐츠 웹툰·만화,
,,23,유료 콘텐츠 게임 내 유료 결제 아이템,
,,24,유료 콘텐츠 휴대폰 통화 연결음,
,,25,유료 콘텐츠 성인용 콘텐츠,
,,26,기타,
280.0,인터넷쇼핑 구매품목_13),1,"의류, 신발, 스포츠용품, 액세서리",Y34_1_13
,,2,생활/주방 용품,
,,3,유·아동 용품,
,,4,"식재료, 음식",
,,5,건강관련제품,
,,6,화장품,
,,7,"가전, 전자제품(TV, 냉장고, 세탁기 등)",
,,8,"가구, 인테리어 용품",
,,9,컴퓨터 및 컴퓨터 주변기기,
,,10,"모바일, PC, 콘솔 게임 소프트웨어",
,,11,소프트웨어(게임 제외),
,,12,구독형 소프트웨어 서비스,
,,13,교환권,
,,14,금융 상품(보험가입 및 주식거래),
,,15,교육,
,,16,"여행 상품(패키지, 숙소, 교통, 렌터카 등)",
,,17,"도서, 잡지, 신문 (웹툰, 만화 등 제외)",
,,18,"영화(티켓), 전시, 문화공연",
,,19,"영화(콘텐츠), 동영상, 이미지",
,,20,음악(음원 사이트 이용 등),
,,21,유료 콘텐츠 이모티콘,
,,22,유료 콘텐츠 웹툰·만화,
,,23,유료 콘텐츠 게임 내 유료 결제 아이템,
,,24,유료 콘텐츠 휴대폰 통화 연결음,
,,25,유료 콘텐츠 성인용 콘텐츠,
,,26,기타,
281.0,인터넷쇼핑 구매품목_14),1,"의류, 신발, 스포츠용품, 액세서리",Y34_1_14
,,2,생활/주방 용품,
,,3,유·아동 용품,
,,4,"식재료, 음식",
,,5,건강관련제품,
,,6,화장품,
,,7,"가전, 전자제품(TV, 냉장고, 세탁기 등)",
,,8,"가구, 인테리어 용품",
,,9,컴퓨터 및 컴퓨터 주변기기,
,,10,"모바일, PC, 콘솔 게임 소프트웨어",
,,11,소프트웨어(게임 제외),
,,12,구독형 소프트웨어 서비스,
,,13,교환권,
,,14,금융 상품(보험가입 및 주식거래),
,,15,교육,
,,16,"여행 상품(패키지, 숙소, 교통, 렌터카 등)",
,,17,"도서, 잡지, 신문 (웹툰, 만화 등 제외)",
,,18,"영화(티켓), 전시, 문화공연",
,,19,"영화(콘텐츠), 동영상, 이미지",
,,20,음악(음원 사이트 이용 등),
,,21,유료 콘텐츠 이모티콘,
,,22,유료 콘텐츠 웹툰·만화,
,,23,유료 콘텐츠 게임 내 유료 결제 아이템,
,,24,유료 콘텐츠 휴대폰 통화 연결음,
,,25,유료 콘텐츠 성인용 콘텐츠,
,,26,기타,
282.0,인터넷쇼핑 구매품목_15),1,"의류, 신발, 스포츠용품, 액세서리",Y34_1_15
,,2,생활/주방 용품,
,,3,유·아동 용품,
,,4,"식재료, 음식",
,,5,건강관련제품,
,,6,화장품,
,,7,"가전, 전자제품(TV, 냉장고, 세탁기 등)",
,,8,"가구, 인테리어 용품",
,,9,컴퓨터 및 컴퓨터 주변기기,
,,10,"모바일, PC, 콘솔 게임 소프트웨어",
,,11,소프트웨어(게임 제외),
,,12,구독형 소프트웨어 서비스,
,,13,교환권,
,,14,금융 상품(보험가입 및 주식거래),
,,15,교육,
,,16,"여행 상품(패키지, 숙소, 교통, 렌터카 등)",
,,17,"도서, 잡지, 신문 (웹툰, 만화 등 제외)",
,,18,"영화(티켓), 전시, 문화공연",
,,19,"영화(콘텐츠), 동영상, 이미지",
,,20,음악(음원 사이트 이용 등),
,,21,유료 콘텐츠 이모티콘,
,,22,유료 콘텐츠 웹툰·만화,
,,23,유료 콘텐츠 게임 내 유료 결제 아이템,
,,24,유료 콘텐츠 휴대폰 통화 연결음,
,,25,유료 콘텐츠 성인용 콘텐츠,
,,26,기타,
283.0,인터넷쇼핑 구매품목_16),1,"의류, 신발, 스포츠용품, 액세서리",Y34_1_16
,,2,생활/주방 용품,
,,3,유·아동 용품,
,,4,"식재료, 음식",
,,5,건강관련제품,
,,6,화장품,
,,7,"가전, 전자제품(TV, 냉장고, 세탁기 등)",
,,8,"가구, 인테리어 용품",
,,9,컴퓨터 및 컴퓨터 주변기기,
,,10,"모바일, PC, 콘솔 게임 소프트웨어",
,,11,소프트웨어(게임 제외),
,,12,구독형 소프트웨어 서비스,
,,13,교환권,
,,14,금융 상품(보험가입 및 주식거래),
,,15,교육,
,,16,"여행 상품(패키지, 숙소, 교통, 렌터카 등)",
,,17,"도서, 잡지, 신문 (웹툰, 만화 등 제외)",
,,18,"영화(티켓), 전시, 문화공연",
,,19,"영화(콘텐츠), 동영상, 이미지",
,,20,음악(음원 사이트 이용 등),
,,21,유료 콘텐츠 이모티콘,
,,22,유료 콘텐츠 웹툰·만화,
,,23,유료 콘텐츠 게임 내 유료 결제 아이템,
,,24,유료 콘텐츠 휴대폰 통화 연결음,
,,25,유료 콘텐츠 성인용 콘텐츠,
,,26,기타,
284.0,인터넷쇼핑 구매품목_17),1,"의류, 신발, 스포츠용품, 액세서리",Y34_1_17
,,2,생활/주방 용품,
,,3,유·아동 용품,
,,4,"식재료, 음식",
,,5,건강관련제품,
,,6,화장품,
,,7,"가전, 전자제품(TV, 냉장고, 세탁기 등)",
,,8,"가구, 인테리어 용품",
,,9,컴퓨터 및 컴퓨터 주변기기,
,,10,"모바일, PC, 콘솔 게임 소프트웨어",
,,11,소프트웨어(게임 제외),
,,12,구독형 소프트웨어 서비스,
,,13,교환권,
,,14,금융 상품(보험가입 및 주식거래),
,,15,교육,
,,16,"여행 상품(패키지, 숙소, 교통, 렌터카 등)",
,,17,"도서, 잡지, 신문 (웹툰, 만화 등 제외)",
,,18,"영화(티켓), 전시, 문화공연",
,,19,"영화(콘텐츠), 동영상, 이미지",
,,20,음악(음원 사이트 이용 등),
,,21,유료 콘텐츠 이모티콘,
,,22,유료 콘텐츠 웹툰·만화,
,,23,유료 콘텐츠 게임 내 유료 결제 아이템,
,,24,유료 콘텐츠 휴대폰 통화 연결음,
,,25,유료 콘텐츠 성인용 콘텐츠,
,,26,기타,
285.0,인터넷쇼핑 구매품목_18),1,"의류, 신발, 스포츠용품, 액세서리",Y34_1_18
,,2,생활/주방 용품,
,,3,유·아동 용품,
,,4,"식재료, 음식",
,,5,건강관련제품,
,,6,화장품,
,,7,"가전, 전자제품(TV, 냉장고, 세탁기 등)",
,,8,"가구, 인테리어 용품",
,,9,컴퓨터 및 컴퓨터 주변기기,
,,10,"모바일, PC, 콘솔 게임 소프트웨어",
,,11,소프트웨어(게임 제외),
,,12,구독형 소프트웨어 서비스,
,,13,교환권,
,,14,금융 상품(보험가입 및 주식거래),
,,15,교육,
,,16,"여행 상품(패키지, 숙소, 교통, 렌터카 등)",
,,17,"도서, 잡지, 신문 (웹툰, 만화 등 제외)",
,,18,"영화(티켓), 전시, 문화공연",
,,19,"영화(콘텐츠), 동영상, 이미지",
,,20,음악(음원 사이트 이용 등),
,,21,유료 콘텐츠 이모티콘,
,,22,유료 콘텐츠 웹툰·만화,
,,23,유료 콘텐츠 게임 내 유료 결제 아이템,
,,24,유료 콘텐츠 휴대폰 통화 연결음,
,,25,유료 콘텐츠 성인용 콘텐츠,
,,26,기타,
286.0,인터넷쇼핑 구매품목_19),1,"의류, 신발, 스포츠용품, 액세서리",Y34_1_19
,,2,생활/주방 용품,
,,3,유·아동 용품,
,,4,"식재료, 음식",
,,5,건강관련제품,
,,6,화장품,
,,7,"가전, 전자제품(TV, 냉장고, 세탁기 등)",
,,8,"가구, 인테리어 용품",
,,9,컴퓨터 및 컴퓨터 주변기기,
,,10,"모바일, PC, 콘솔 게임 소프트웨어",
,,11,소프트웨어(게임 제외),
,,12,구독형 소프트웨어 서비스,
,,13,교환권,
,,14,금융 상품(보험가입 및 주식거래),
,,15,교육,
,,16,"여행 상품(패키지, 숙소, 교통, 렌터카 등)",
,,17,"도서, 잡지, 신문 (웹툰, 만화 등 제외)",
,,18,"영화(티켓), 전시, 문화공연",
,,19,"영화(콘텐츠), 동영상, 이미지",
,,20,음악(음원 사이트 이용 등),
,,21,유료 콘텐츠 이모티콘,
,,22,유료 콘텐츠 웹툰·만화,
,,23,유료 콘텐츠 게임 내 유료 결제 아이템,
,,24,유료 콘텐츠 휴대폰 통화 연결음,
,,25,유료 콘텐츠 성인용 콘텐츠,
,,26,기타,
287.0,인터넷쇼핑 구매품목_20),1,"의류, 신발, 스포츠용품, 액세서리",Y34_1_20
,,2,생활/주방 용품,
,,3,유·아동 용품,
,,4,"식재료, 음식",
,,5,건강관련제품,
,,6,화장품,
,,7,"가전, 전자제품(TV, 냉장고, 세탁기 등)",
,,8,"가구, 인테리어 용품",
,,9,컴퓨터 및 컴퓨터 주변기기,
,,10,"모바일, PC, 콘솔 게임 소프트웨어",
,,11,소프트웨어(게임 제외),
,,12,구독형 소프트웨어 서비스,
,,13,교환권,
,,14,금융 상품(보험가입 및 주식거래),
,,15,교육,
,,16,"여행 상품(패키지, 숙소, 교통, 렌터카 등)",
,,17,"도서, 잡지, 신문 (웹툰, 만화 등 제외)",
,,18,"영화(티켓), 전시, 문화공연",
,,19,"영화(콘텐츠), 동영상, 이미지",
,,20,음악(음원 사이트 이용 등),
,,21,유료 콘텐츠 이모티콘,
,,22,유료 콘텐츠 웹툰·만화,
,,23,유료 콘텐츠 게임 내 유료 결제 아이템,
,,24,유료 콘텐츠 휴대폰 통화 연결음,
,,25,유료 콘텐츠 성인용 콘텐츠,
,,26,기타,
288.0,인터넷쇼핑 구매품목_21),1,"의류, 신발, 스포츠용품, 액세서리",Y34_1_21
,,2,생활/주방 용품,
,,3,유·아동 용품,
,,4,"식재료, 음식",
,,5,건강관련제품,
,,6,화장품,
,,7,"가전, 전자제품(TV, 냉장고, 세탁기 등)",
,,8,"가구, 인테리어 용품",
,,9,컴퓨터 및 컴퓨터 주변기기,
,,10,"모바일, PC, 콘솔 게임 소프트웨어",
,,11,소프트웨어(게임 제외),
,,12,구독형 소프트웨어 서비스,
,,13,교환권,
,,14,금융 상품(보험가입 및 주식거래),
,,15,교육,
,,16,"여행 상품(패키지, 숙소, 교통, 렌터카 등)",
,,17,"도서, 잡지, 신문 (웹툰, 만화 등 제외)",
,,18,"영화(티켓), 전시, 문화공연",
,,19,"영화(콘텐츠), 동영상, 이미지",
,,20,음악(음원 사이트 이용 등),
,,21,유료 콘텐츠 이모티콘,
,,22,유료 콘텐츠 웹툰·만화,
,,23,유료 콘텐츠 게임 내 유료 결제 아이템,
,,24,유료 콘텐츠 휴대폰 통화 연결음,
,,25,유료 콘텐츠 성인용 콘텐츠,
,,26,기타,
289.0,인터넷쇼핑 구매품목_22),1,"의류, 신발, 스포츠용품, 액세서리",Y34_1_22
,,2,생활/주방 용품,
,,3,유·아동 용품,
,,4,"식재료, 음식",
,,5,건강관련제품,
,,6,화장품,
,,7,"가전, 전자제품(TV, 냉장고, 세탁기 등)",
,,8,"가구, 인테리어 용품",
,,9,컴퓨터 및 컴퓨터 주변기기,
,,10,"모바일, PC, 콘솔 게임 소프트웨어",
,,11,소프트웨어(게임 제외),
,,12,구독형 소프트웨어 서비스,
,,13,교환권,
,,14,금융 상품(보험가입 및 주식거래),
,,15,교육,
,,16,"여행 상품(패키지, 숙소, 교통, 렌터카 등)",
,,17,"도서, 잡지, 신문 (웹툰, 만화 등 제외)",
,,18,"영화(티켓), 전시, 문화공연",
,,19,"영화(콘텐츠), 동영상, 이미지",
,,20,음악(음원 사이트 이용 등),
,,21,유료 콘텐츠 이모티콘,
,,22,유료 콘텐츠 웹툰·만화,
,,23,유료 콘텐츠 게임 내 유료 결제 아이템,
,,24,유료 콘텐츠 휴대폰 통화 연결음,
,,25,유료 콘텐츠 성인용 콘텐츠,
,,26,기타,
290.0,인터넷쇼핑 구매품목_23),1,"의류, 신발, 스포츠용품, 액세서리",Y34_1_23
,,2,생활/주방 용품,
,,3,유·아동 용품,
,,4,"식재료, 음식",
,,5,건강관련제품,
,,6,화장품,
,,7,"가전, 전자제품(TV, 냉장고, 세탁기 등)",
,,8,"가구, 인테리어 용품",
,,9,컴퓨터 및 컴퓨터 주변기기,
,,10,"모바일, PC, 콘솔 게임 소프트웨어",
,,11,소프트웨어(게임 제외),
,,12,구독형 소프트웨어 서비스,
,,13,교환권,
,,14,금융 상품(보험가입 및 주식거래),
,,15,교육,
,,16,"여행 상품(패키지, 숙소, 교통, 렌터카 등)",
,,17,"도서, 잡지, 신문 (웹툰, 만화 등 제외)",
,,18,"영화(티켓), 전시, 문화공연",
,,19,"영화(콘텐츠), 동영상, 이미지",
,,20,음악(음원 사이트 이용 등),
,,21,유료 콘텐츠 이모티콘,
,,22,유료 콘텐츠 웹툰·만화,
,,23,유료 콘텐츠 게임 내 유료 결제 아이템,
,,24,유료 콘텐츠 휴대폰 통화 연결음,
,,25,유료 콘텐츠 성인용 콘텐츠,
,,26,기타,
291.0,인터넷쇼핑 구매품목_24),1,"의류, 신발, 스포츠용품, 액세서리",Y34_1_24
,,2,생활/주방 용품,
,,3,유·아동 용품,
,,4,"식재료, 음식",
,,5,건강관련제품,
,,6,화장품,
,,7,"가전, 전자제품(TV, 냉장고, 세탁기 등)",
,,8,"가구, 인테리어 용품",
,,9,컴퓨터 및 컴퓨터 주변기기,
,,10,"모바일, PC, 콘솔 게임 소프트웨어",
,,11,소프트웨어(게임 제외),
,,12,구독형 소프트웨어 서비스,
,,13,교환권,
,,14,금융 상품(보험가입 및 주식거래),
,,15,교육,
,,16,"여행 상품(패키지, 숙소, 교통, 렌터카 등)",
,,17,"도서, 잡지, 신문 (웹툰, 만화 등 제외)",
,,18,"영화(티켓), 전시, 문화공연",
,,19,"영화(콘텐츠), 동영상, 이미지",
,,20,음악(음원 사이트 이용 등),
,,21,유료 콘텐츠 이모티콘,
,,22,유료 콘텐츠 웹툰·만화,
,,23,유료 콘텐츠 게임 내 유료 결제 아이템,
,,24,유료 콘텐츠 휴대폰 통화 연결음,
,,25,유료 콘텐츠 성인용 콘텐츠,
,,26,기타,
292.0,인터넷쇼핑 구매품목_25),1,"의류, 신발, 스포츠용품, 액세서리",Y34_1_25
,,2,생활/주방 용품,
,,3,유·아동 용품,
,,4,"식재료, 음식",
,,5,건강관련제품,
,,6,화장품,
,,7,"가전, 전자제품(TV, 냉장고, 세탁기 등)",
,,8,"가구, 인테리어 용품",
,,9,컴퓨터 및 컴퓨터 주변기기,
,,10,"모바일, PC, 콘솔 게임 소프트웨어",
,,11,소프트웨어(게임 제외),
,,12,구독형 소프트웨어 서비스,
,,13,교환권,
,,14,금융 상품(보험가입 및 주식거래),
,,15,교육,
,,16,"여행 상품(패키지, 숙소, 교통, 렌터카 등)",
,,17,"도서, 잡지, 신문 (웹툰, 만화 등 제외)",
,,18,"영화(티켓), 전시, 문화공연",
,,19,"영화(콘텐츠), 동영상, 이미지",
,,20,음악(음원 사이트 이용 등),
,,21,유료 콘텐츠 이모티콘,
,,22,유료 콘텐츠 웹툰·만화,
,,23,유료 콘텐츠 게임 내 유료 결제 아이템,
,,24,유료 콘텐츠 휴대폰 통화 연결음,
,,25,유료 콘텐츠 성인용 콘텐츠,
,,26,기타,
293.0,인터넷쇼핑 구매품목_26),1,"의류, 신발, 스포츠용품, 액세서리",Y34_1_26
,,2,생활/주방 용품,
,,3,유·아동 용품,
,,4,"식재료, 음식",
,,5,건강관련제품,
,,6,화장품,
,,7,"가전, 전자제품(TV, 냉장고, 세탁기 등)",
,,8,"가구, 인테리어 용품",
,,9,컴퓨터 및 컴퓨터 주변기기,
,,10,"모바일, PC, 콘솔 게임 소프트웨어",
,,11,소프트웨어(게임 제외),
,,12,구독형 소프트웨어 서비스,
,,13,교환권,
,,14,금융 상품(보험가입 및 주식거래),
,,15,교육,
,,16,"여행 상품(패키지, 숙소, 교통, 렌터카 등)",
,,17,"도서, 잡지, 신문 (웹툰, 만화 등 제외)",
,,18,"영화(티켓), 전시, 문화공연",
,,19,"영화(콘텐츠), 동영상, 이미지",
,,20,음악(음원 사이트 이용 등),
,,21,유료 콘텐츠 이모티콘,
,,22,유료 콘텐츠 웹툰·만화,
,,23,유료 콘텐츠 게임 내 유료 결제 아이템,
,,24,유료 콘텐츠 휴대폰 통화 연결음,
,,25,유료 콘텐츠 성인용 콘텐츠,
,,26,기타,
294.0,인터넷쇼핑 구매품목_기타,-,-,Y34_TXT
295.0,인터넷쇼핑 방식_1),1,일반 쇼핑사이트/앱,Y35_1
,,2,인스턴트 메신저 연계 쇼핑,
,,3,SNS 연계 쇼핑,
,,4,라이브커머스,
,,5,구독서비스,
,,6,프리랜서 마켓,
,,7,크라우드펀딩 사이트,
,,8,중고거래 사이트/앱,
,,9,기타,
296.0,인터넷쇼핑 방식_2),1,일반 쇼핑사이트/앱,Y35_2
,,2,인스턴트 메신저 연계 쇼핑,
,,3,SNS 연계 쇼핑,
,,4,라이브커머스,
,,5,구독서비스,
,,6,프리랜서 마켓,
,,7,크라우드펀딩 사이트,
,,8,중고거래 사이트/앱,
,,9,기타,
297.0,인터넷쇼핑 방식_3),1,일반 쇼핑사이트/앱,Y35_3
,,2,인스턴트 메신저 연계 쇼핑,
,,3,SNS 연계 쇼핑,
,,4,라이브커머스,
,,5,구독서비스,
,,6,프리랜서 마켓,
,,7,크라우드펀딩 사이트,
,,8,중고거래 사이트/앱,
,,9,기타,
298.0,인터넷쇼핑 방식_4),1,일반 쇼핑사이트/앱,Y35_4
,,2,인스턴트 메신저 연계 쇼핑,
,,3,SNS 연계 쇼핑,
,,4,라이브커머스,
,,5,구독서비스,
,,6,프리랜서 마켓,
,,7,크라우드펀딩 사이트,
,,8,중고거래 사이트/앱,
,,9,기타,
299.0,인터넷쇼핑 방식_5),1,일반 쇼핑사이트/앱,Y35_5
,,2,인스턴트 메신저 연계 쇼핑,
,,3,SNS 연계 쇼핑,
,,4,라이브커머스,
,,5,구독서비스,
,,6,프리랜서 마켓,
,,7,크라우드펀딩 사이트,
,,8,중고거래 사이트/앱,
,,9,기타,
300.0,인터넷쇼핑 방식_6),1,일반 쇼핑사이트/앱,Y35_6
,,2,인스턴트 메신저 연계 쇼핑,
,,3,SNS 연계 쇼핑,
,,4,라이브커머스,
,,5,구독서비스,
,,6,프리랜서 마켓,
,,7,크라우드펀딩 사이트,
,,8,중고거래 사이트/앱,
,,9,기타,
301.0,인터넷쇼핑 방식_7),1,일반 쇼핑사이트/앱,Y35_7
,,2,인스턴트 메신저 연계 쇼핑,
,,3,SNS 연계 쇼핑,
,,4,라이브커머스,
,,5,구독서비스,
,,6,프리랜서 마켓,
,,7,크라우드펀딩 사이트,
,,8,중고거래 사이트/앱,
,,9,기타,
302.0,인터넷쇼핑 방식_8),1,일반 쇼핑사이트/앱,Y35_8
,,2,인스턴트 메신저 연계 쇼핑,
,,3,SNS 연계 쇼핑,
,,4,라이브커머스,
,,5,구독서비스,
,,6,프리랜서 마켓,
,,7,크라우드펀딩 사이트,
,,8,중고거래 사이트/앱,
,,9,기타,
303.0,인터넷쇼핑 방식_9),1,일반 쇼핑사이트/앱,Y35_9
,,2,인스턴트 메신저 연계 쇼핑,
,,3,SNS 연계 쇼핑,
,,4,라이브커머스,
,,5,구독서비스,
,,6,프리랜서 마켓,
,,7,크라우드펀딩 사이트,
,,8,중고거래 사이트/앱,
,,9,기타,
304.0,인터넷쇼핑 방식_기타,-,-,Y35_9_TXT
305.0,인터넷쇼핑 비이용 이유_1),1,관심 또는 필요가 없어서,Y36_1
,,2,직접 매장에서 구매하는 것을 선호하므로,
,,3,보안문제가 우려되어서(개인정보 제공),
,,4,사생활 침해가 우려되어서,
,,5,인터넷으로 판매되는 상품 및 서비스를 신뢰할 수 없어서,
,,6,결제 과정이 복잡하고 불편해서,
,,7,이용할 자신이 없거나 방법을 몰라서,
,,8,기타,
306.0,인터넷쇼핑 비이용 이유_2),1,관심 또는 필요가 없어서,Y36_2
,,2,직접 매장에서 구매하는 것을 선호하므로,
,,3,보안문제가 우려되어서(개인정보 제공),
,,4,사생활 침해가 우려되어서,
,,5,인터넷으로 판매되는 상품 및 서비스를 신뢰할 수 없어서,
,,6,결제 과정이 복잡하고 불편해서,
,,7,이용할 자신이 없거나 방법을 몰라서,
,,8,기타,
307.0,인터넷쇼핑 비이용 이유_3),1,관심 또는 필요가 없어서,Y36_3
,,2,직접 매장에서 구매하는 것을 선호하므로,
,,3,보안문제가 우려되어서(개인정보 제공),
,,4,사생활 침해가 우려되어서,
,,5,인터넷으로 판매되는 상품 및 서비스를 신뢰할 수 없어서,
,,6,결제 과정이 복잡하고 불편해서,
,,7,이용할 자신이 없거나 방법을 몰라서,
,,8,기타,
308.0,인터넷쇼핑 비이용 이유_4),1,관심 또는 필요가 없어서,Y36_4
,,2,직접 매장에서 구매하는 것을 선호하므로,
,,3,보안문제가 우려되어서(개인정보 제공),
,,4,사생활 침해가 우려되어서,
,,5,인터넷으로 판매되는 상품 및 서비스를 신뢰할 수 없어서,
,,6,결제 과정이 복잡하고 불편해서,
,,7,이용할 자신이 없거나 방법을 몰라서,
,,8,기타,
309.0,인터넷쇼핑 비이용 이유_5),1,관심 또는 필요가 없어서,Y36_5
,,2,직접 매장에서 구매하는 것을 선호하므로,
,,3,보안문제가 우려되어서(개인정보 제공),
,,4,사생활 침해가 우려되어서,
,,5,인터넷으로 판매되는 상품 및 서비스를 신뢰할 수 없어서,
,,6,결제 과정이 복잡하고 불편해서,
,,7,이용할 자신이 없거나 방법을 몰라서,
,,8,기타,
310.0,인터넷쇼핑 비이용 이유_6),1,관심 또는 필요가 없어서,Y36_6
,,2,직접 매장에서 구매하는 것을 선호하므로,
,,3,보안문제가 우려되어서(개인정보 제공),
,,4,사생활 침해가 우려되어서,
,,5,인터넷으로 판매되는 상품 및 서비스를 신뢰할 수 없어서,
,,6,결제 과정이 복잡하고 불편해서,
,,7,이용할 자신이 없거나 방법을 몰라서,
,,8,기타,
311.0,인터넷쇼핑 비이용 이유_7),1,관심 또는 필요가 없어서,Y36_7
,,2,직접 매장에서 구매하는 것을 선호하므로,
,,3,보안문제가 우려되어서(개인정보 제공),
,,4,사생활 침해가 우려되어서,
,,5,인터넷으로 판매되는 상품 및 서비스를 신뢰할 수 없어서,
,,6,결제 과정이 복잡하고 불편해서,
,,7,이용할 자신이 없거나 방법을 몰라서,
,,8,기타,
312.0,인터넷쇼핑 비이용 이유_8),1,관심 또는 필요가 없어서,Y36_8
,,2,직접 매장에서 구매하는 것을 선호하므로,
,,3,보안문제가 우려되어서(개인정보 제공),
,,4,사생활 침해가 우려되어서,
,,5,인터넷으로 판매되는 상품 및 서비스를 신뢰할 수 없어서,
,,6,결제 과정이 복잡하고 불편해서,
,,7,이용할 자신이 없거나 방법을 몰라서,
,,8,기타,
313.0,인터넷쇼핑 비이용 이유_기타,-,-,Y36_8_TXT
314.0,최근 1년간 은행 거래 경험여부,1,경험 있음,Y37
,,2,경험 없음,
315.0,최근 인터넷뱅킹 이용시기,1,1개월 이내,Y37_01_1
,,2,1개월 초과 ~ 3개월 이내,
,,3,3개월 초과 ~ 1년 이내,
,,4,인터넷뱅킹을 이용 안한 지 1년 넘음,
,,5,인터넷뱅킹을 이용한 적 없음,
316.0,주 이용 송금서비스_1순위,1,"일반 은행(국민, 신한, 하나, 우리, 기업, 지방은행 등) 인터넷뱅킹",Y38_1순위
,,2,"인터넷전문은행(케이뱅크, 카카오뱅크, 토스뱅크 등) 인터넷뱅킹",
,,3,"간편 송금 서비스 (토스, 카카오페이, 페이코, 네이버페이 등)",
,,4,기타,
317.0,주 이용 송금서비스_2순위,1,"일반 은행(국민, 신한, 하나, 우리, 기업, 지방은행 등) 인터넷뱅킹",Y38_2순위
,,2,"인터넷전문은행(케이뱅크, 카카오뱅크, 토스뱅크 등) 인터넷뱅킹",
,,3,"간편 송금 서비스 (토스, 카카오페이, 페이코, 네이버페이 등)",
,,4,기타,
318.0,주 이용 송금서비스_기타,-,-,Y38_4_TXT
319.0,최근 클라우드 서비스 이용시기,1,1개월 이내,Y39
,,2,1개월 초과 ~ 3개월 이내,
,,3,3개월 초과 ~ 1년 이내,
,,4,클라우드 서비스 이용 안한 지 1년 넘음,
,,5,클라우드 서비스 이용한 적 없음,
320.0,클라우드 서비스 이용목적_1),1,"자료 및 정보 관리 (파일 올리기, 내려 받기, 폴더 및 파일 공유 등)",Y40_1
,,2,"문서 편집 (구글 독스, MS 오피스 365 등)",
,,3,"기기에 저장된 일정, 연락처 등 동기화 및 관리 (캘린더형 드라이브 등)",
,,4,기타,
321.0,클라우드 서비스 이용목적_2),1,"자료 및 정보 관리 (파일 올리기, 내려 받기, 폴더 및 파일 공유 등)",Y40_2
,,2,"문서 편집 (구글 독스, MS 오피스 365 등)",
,,3,"기기에 저장된 일정, 연락처 등 동기화 및 관리 (캘린더형 드라이브 등)",
,,4,기타,
322.0,클라우드 서비스 이용목적_3),1,"자료 및 정보 관리 (파일 올리기, 내려 받기, 폴더 및 파일 공유 등)",Y40_3
,,2,"문서 편집 (구글 독스, MS 오피스 365 등)",
,,3,"기기에 저장된 일정, 연락처 등 동기화 및 관리 (캘린더형 드라이브 등)",
,,4,기타,
323.0,클라우드 서비스 이용목적_4),1,"자료 및 정보 관리 (파일 올리기, 내려 받기, 폴더 및 파일 공유 등)",Y40_4
,,2,"문서 편집 (구글 독스, MS 오피스 365 등)",
,,3,"기기에 저장된 일정, 연락처 등 동기화 및 관리 (캘린더형 드라이브 등)",
,,4,기타,
324.0,클라우드 서비스 이용목적_기타,-,-,Y40_4_TXT
325.0,스마트폰 모바일 간편결제 이용여부,1,경험 있음,Y41
,,2,경험 없음,
326.0,개인정보 유출 및 침해 경험 여부,1,있음,Y42
,,2,없음,
327.0,개인정보 유출 및 침해 발생 경로,1,해킹 공격(웹사이트/앱 해킹 등),Y42_01
,,2,"피싱/스미싱(이메일, 문자, 메신저 등)",
,,3,"앱/웹사이트 가입 시 부주의(약관 미확인, 정보 과다 제공 등)",
,,4,알 수 없는 링크/첨부파일 클릭,
,,5,공용 Wi-Fi 사용 중 정보 유출,
,,6,본인의 모바일 기기 분실/도난,
,,7,기타,
,,8,잘 모르겠다,
328.0,개인정보 유출 및 침해 발생 경로_기타,-,-,Y42_01_7_TXT
329.0,개인정보 유출 및 침해 발생 시 대응_1),1,비밀번호 변경,Y42_02_1
,,2,탈퇴 또는 회원 정보 수정,
,,3,고객센터 문의,
,,4,수사기관(경찰 등) 신고,
,,5,언론/소비자단체 제보,
,,6,기타,
,,7,"피해 사실을 인지하였으나, 별도 대응하지 않음",
330.0,개인정보 유출 및 침해 발생 시 대응_2),1,비밀번호 변경,Y42_02_2
,,2,탈퇴 또는 회원 정보 수정,
,,3,고객센터 문의,
,,4,수사기관(경찰 등) 신고,
,,5,언론/소비자단체 제보,
,,6,기타,
,,7,"피해 사실을 인지하였으나, 별도 대응하지 않음",
331.0,개인정보 유출 및 침해 발생 시 대응_3),1,비밀번호 변경,Y42_02_3
,,2,탈퇴 또는 회원 정보 수정,
,,3,고객센터 문의,
,,4,수사기관(경찰 등) 신고,
,,5,언론/소비자단체 제보,
,,6,기타,
,,7,"피해 사실을 인지하였으나, 별도 대응하지 않음",
332.0,개인정보 유출 및 침해 발생 시 대응_4),1,비밀번호 변경,Y42_02_4
,,2,탈퇴 또는 회원 정보 수정,
,,3,고객센터 문의,
,,4,수사기관(경찰 등) 신고,
,,5,언론/소비자단체 제보,
,,6,기타,
,,7,"피해 사실을 인지하였으나, 별도 대응하지 않음",
333.0,개인정보 유출 및 침해 발생 시 대응_5),1,비밀번호 변경,Y42_02_5
,,2,탈퇴 또는 회원 정보 수정,
,,3,고객센터 문의,
,,4,수사기관(경찰 등) 신고,
,,5,언론/소비자단체 제보,
,,6,기타,
,,7,"피해 사실을 인지하였으나, 별도 대응하지 않음",
334.0,개인정보 유출 및 침해 발생 시 대응_6),1,비밀번호 변경,Y42_02_6
,,2,탈퇴 또는 회원 정보 수정,
,,3,고객센터 문의,
,,4,수사기관(경찰 등) 신고,
,,5,언론/소비자단체 제보,
,,6,기타,
,,7,"피해 사실을 인지하였으나, 별도 대응하지 않음",
335.0,개인정보 유출 및 침해 발생 시 대응_기타,-,-,Y42_02_6_TXT
336.0,개인정보 유출 및 침해 발생 시 대응_별도 대응하지 않음,1,비밀번호 변경,Y42_02_7
,,2,탈퇴 또는 회원 정보 수정,
,,3,고객센터 문의,
,,4,수사기관(경찰 등) 신고,
,,5,언론/소비자단체 제보,
,,6,기타,
,,7,"피해 사실을 인지하였으나, 별도 대응하지 않음",
337.0,안전한 인터넷 이용을 위한 활동_1),1,위치 데이터 접근 권한 제한,Y43_1
,,2,SNS 프로필 비공개 등의 접근 제한,
,,3,광고성 정보 수신 목적 개인정보 제공 비동의,
,,4,주기적 쿠키 삭제 및 브라우저 옵션 설정,
,,5,"정보유출 방지를 위한 소프트웨어 설치 및 주기적 업데이트(방화벽, 바이러스 백신 등)",
,,6,2단계 인증 또는 추가 인증 설정,
,,7,기타,
,,8,아무런 조치하지 않음,
338.0,안전한 인터넷 이용을 위한 활동_2),1,위치 데이터 접근 권한 제한,Y43_2
,,2,SNS 프로필 비공개 등의 접근 제한,
,,3,광고성 정보 수신 목적 개인정보 제공 비동의,
,,4,주기적 쿠키 삭제 및 브라우저 옵션 설정,
,,5,"정보유출 방지를 위한 소프트웨어 설치 및 주기적 업데이트(방화벽, 바이러스 백신 등)",
,,6,2단계 인증 또는 추가 인증 설정,
,,7,기타,
,,8,아무런 조치하지 않음,
339.0,안전한 인터넷 이용을 위한 활동_3),1,위치 데이터 접근 권한 제한,Y43_3
,,2,SNS 프로필 비공개 등의 접근 제한,
,,3,광고성 정보 수신 목적 개인정보 제공 비동의,
,,4,주기적 쿠키 삭제 및 브라우저 옵션 설정,
,,5,"정보유출 방지를 위한 소프트웨어 설치 및 주기적 업데이트(방화벽, 바이러스 백신 등)",
,,6,2단계 인증 또는 추가 인증 설정,
,,7,기타,
,,8,아무런 조치하지 않음,
340.0,안전한 인터넷 이용을 위한 활동_4),1,위치 데이터 접근 권한 제한,Y43_4
,,2,SNS 프로필 비공개 등의 접근 제한,
,,3,광고성 정보 수신 목적 개인정보 제공 비동의,
,,4,주기적 쿠키 삭제 및 브라우저 옵션 설정,
,,5,"정보유출 방지를 위한 소프트웨어 설치 및 주기적 업데이트(방화벽, 바이러스 백신 등)",
,,6,2단계 인증 또는 추가 인증 설정,
,,7,기타,
,,8,아무런 조치하지 않음,
341.0,안전한 인터넷 이용을 위한 활동_5),1,위치 데이터 접근 권한 제한,Y43_5
,,2,SNS 프로필 비공개 등의 접근 제한,
,,3,광고성 정보 수신 목적 개인정보 제공 비동의,
,,4,주기적 쿠키 삭제 및 브라우저 옵션 설정,
,,5,"정보유출 방지를 위한 소프트웨어 설치 및 주기적 업데이트(방화벽, 바이러스 백신 등)",
,,6,2단계 인증 또는 추가 인증 설정,
,,7,기타,
,,8,아무런 조치하지 않음,
342.0,안전한 인터넷 이용을 위한 활동_6),1,위치 데이터 접근 권한 제한,Y43_6
,,2,SNS 프로필 비공개 등의 접근 제한,
,,3,광고성 정보 수신 목적 개인정보 제공 비동의,
,,4,주기적 쿠키 삭제 및 브라우저 옵션 설정,
,,5,"정보유출 방지를 위한 소프트웨어 설치 및 주기적 업데이트(방화벽, 바이러스 백신 등)",
,,6,2단계 인증 또는 추가 인증 설정,
,,7,기타,
,,8,아무런 조치하지 않음,
343.0,안전한 인터넷 이용을 위한 활동_7),1,위치 데이터 접근 권한 제한,Y43_7
,,2,SNS 프로필 비공개 등의 접근 제한,
,,3,광고성 정보 수신 목적 개인정보 제공 비동의,
,,4,주기적 쿠키 삭제 및 브라우저 옵션 설정,
,,5,"정보유출 방지를 위한 소프트웨어 설치 및 주기적 업데이트(방화벽, 바이러스 백신 등)",
,,6,2단계 인증 또는 추가 인증 설정,
,,7,기타,
,,8,아무런 조치하지 않음,
344.0,안전한 인터넷 이용을 위한 활동_기타,-,-,Y43_7_TXT
345.0,안전한 인터넷 이용을 위한 활동_아무런 조치하지 않음,1,위치 데이터 접근 권한 제한,Y43_8
,,2,SNS 프로필 비공개 등의 접근 제한,
,,3,광고성 정보 수신 목적 개인정보 제공 비동의,
,,4,주기적 쿠키 삭제 및 브라우저 옵션 설정,
,,5,"정보유출 방지를 위한 소프트웨어 설치 및 주기적 업데이트(방화벽, 바이러스 백신 등)",
,,6,2단계 인증 또는 추가 인증 설정,
,,7,기타,
,,8,아무런 조치하지 않음,
346.0,최근 1개월 내 인터넷 비이용 이유_1),1,관심 또는 필요가 없어서,Y44_1
,,2,이용할 자신이 없거나 이용방법을 몰라서,
,,3,이용비용이 부담스러워서,
,,4,컴퓨터 등 장비가 없어서,
,,5,시간이 없어서,
,,6,콘텐츠 내용이 해로울 것 같아서(자녀 유해사이트에 대한 접근 우려 등),
,,7,사생활 침해가 우려되어서(개인정보 유출 등),
,,8,보안문제가 우려되어서(바이러스 감염 등),
,,9,기타,
347.0,최근 1개월 내 인터넷 비이용 이유_2),1,관심 또는 필요가 없어서,Y44_2
,,2,이용할 자신이 없거나 이용방법을 몰라서,
,,3,이용비용이 부담스러워서,
,,4,컴퓨터 등 장비가 없어서,
,,5,시간이 없어서,
,,6,콘텐츠 내용이 해로울 것 같아서(자녀 유해사이트에 대한 접근 우려 등),
,,7,사생활 침해가 우려되어서(개인정보 유출 등),
,,8,보안문제가 우려되어서(바이러스 감염 등),
,,9,기타,
348.0,최근 1개월 내 인터넷 비이용 이유_3),1,관심 또는 필요가 없어서,Y44_3
,,2,이용할 자신이 없거나 이용방법을 몰라서,
,,3,이용비용이 부담스러워서,
,,4,컴퓨터 등 장비가 없어서,
,,5,시간이 없어서,
,,6,콘텐츠 내용이 해로울 것 같아서(자녀 유해사이트에 대한 접근 우려 등),
,,7,사생활 침해가 우려되어서(개인정보 유출 등),
,,8,보안문제가 우려되어서(바이러스 감염 등),
,,9,기타,
349.0,최근 1개월 내 인터넷 비이용 이유_4),1,관심 또는 필요가 없어서,Y44_4
,,2,이용할 자신이 없거나 이용방법을 몰라서,
,,3,이용비용이 부담스러워서,
,,4,컴퓨터 등 장비가 없어서,
,,5,시간이 없어서,
,,6,콘텐츠 내용이 해로울 것 같아서(자녀 유해사이트에 대한 접근 우려 등),
,,7,사생활 침해가 우려되어서(개인정보 유출 등),
,,8,보안문제가 우려되어서(바이러스 감염 등),
,,9,기타,
350.0,최근 1개월 내 인터넷 비이용 이유_5),1,관심 또는 필요가 없어서,Y44_5
,,2,이용할 자신이 없거나 이용방법을 몰라서,
,,3,이용비용이 부담스러워서,
,,4,컴퓨터 등 장비가 없어서,
,,5,시간이 없어서,
,,6,콘텐츠 내용이 해로울 것 같아서(자녀 유해사이트에 대한 접근 우려 등),
,,7,사생활 침해가 우려되어서(개인정보 유출 등),
,,8,보안문제가 우려되어서(바이러스 감염 등),
,,9,기타,
351.0,최근 1개월 내 인터넷 비이용 이유_6),1,관심 또는 필요가 없어서,Y44_6
,,2,이용할 자신이 없거나 이용방법을 몰라서,
,,3,이용비용이 부담스러워서,
,,4,컴퓨터 등 장비가 없어서,
,,5,시간이 없어서,
,,6,콘텐츠 내용이 해로울 것 같아서(자녀 유해사이트에 대한 접근 우려 등),
,,7,사생활 침해가 우려되어서(개인정보 유출 등),
,,8,보안문제가 우려되어서(바이러스 감염 등),
,,9,기타,
352.0,최근 1개월 내 인터넷 비이용 이유_7),1,관심 또는 필요가 없어서,Y44_7
,,2,이용할 자신이 없거나 이용방법을 몰라서,
,,3,이용비용이 부담스러워서,
,,4,컴퓨터 등 장비가 없어서,
,,5,시간이 없어서,
,,6,콘텐츠 내용이 해로울 것 같아서(자녀 유해사이트에 대한 접근 우려 등),
,,7,사생활 침해가 우려되어서(개인정보 유출 등),
,,8,보안문제가 우려되어서(바이러스 감염 등),
,,9,기타,
353.0,최근 1개월 내 인터넷 비이용 이유_8),1,관심 또는 필요가 없어서,Y44_8
,,2,이용할 자신이 없거나 이용방법을 몰라서,
,,3,이용비용이 부담스러워서,
,,4,컴퓨터 등 장비가 없어서,
,,5,시간이 없어서,
,,6,콘텐츠 내용이 해로울 것 같아서(자녀 유해사이트에 대한 접근 우려 등),
,,7,사생활 침해가 우려되어서(개인정보 유출 등),
,,8,보안문제가 우려되어서(바이러스 감염 등),
,,9,기타,
354.0,최근 1개월 내 인터넷 비이용 이유_9),1,관심 또는 필요가 없어서,Y44_9
,,2,이용할 자신이 없거나 이용방법을 몰라서,
,,3,이용비용이 부담스러워서,
,,4,컴퓨터 등 장비가 없어서,
,,5,시간이 없어서,
,,6,콘텐츠 내용이 해로울 것 같아서(자녀 유해사이트에 대한 접근 우려 등),
,,7,사생활 침해가 우려되어서(개인정보 유출 등),
,,8,보안문제가 우려되어서(바이러스 감염 등),
,,9,기타,
355.0,최근 1개월 내 인터넷 비이용 이유_기타,-,-,Y44_9_TXT
356.0,향후 인터넷 이용 의향,1,있음,Y45
,,2,없음,
357.0,가중치_가구원,-,-,WT2
358.0,가구원 연령,1,20대 이하,D_AGE2
,,2,30대,
,,3,40대,
,,4,50대,
,,5,60대 이상,
359.0,가구소득,1,200만원 미만,D_INC
,,2,200~300만원 미만,
,,3,300~400만원 미만,
,,4,400~500만원 미만,
,,5,500만원 이상,
360.0,지역규모(동/읍면),1,동부,D_AREA1
,,2,읍면부,
361.0,지역(시도),1,서울,SIDO1
,,2,부산,
,,3,대구,
,,4,인천,
,,5,광주,
,,6,대전,
,,7,울산,
,,8,경기,
,,9,강원,
,,10,충청,
,,14,전라,
,,17,경상,
,,20,제주,
362.0,지역(시도)_세부,1,서울,SIDO2
,,2,부산,
,,3,대구,
,,4,인천,
,,5,광주,
,,6,대전,
,,7,울산,
,,8,경기,
,,9,강원,
,,11,(충북),
,,12,(충남),
,,13,(세종),
,,15,(전북),
,,16,(전남),
,,18,(경북),
,,19,(경남),
,,20,제주,
